{"stats":{"minecraft:killed_by":{"minecraft:skeleton":1},"minecraft:dropped":{"minecraft:spruce_sign":2,"minecraft:iron_ingot":2,"minecraft:wheat_seeds":8,"minecraft:mossy_cobblestone":8,"minecraft:glass_bottle":1,"minecraft:golden_horse_armor":1,"minecraft:dripstone_block":1,"minecraft:cobblestone":113,"minecraft:spectral_arrow":1,"minecraft:leather":3,"minecraft:granite":5,"minecraft:coal":1,"minecraft:yellow_carpet":6,"minecraft:cobblestone_stairs":4,"minecraft:stick":9,"minecraft:oxeye_daisy":2,"minecraft:dirt":55,"minecraft:diorite":1,"minecraft:cornflower":2,"minecraft:rose_bush":1,"tombstone:grave_dust":5,"minecraft:jungle_sapling":1,"minecraft:oak_stairs":3,"minecraft:wooden_sword":5,"minecraft:iron_pickaxe":1,"minecraft:white_wool":5,"minecraft:dandelion":20,"minecraft:bone":8,"minecraft:oak_door":7,"minecraft:gravel":14,"minecraft:nether_brick_slab":4,"minecraft:stone_axe":1,"minecraft:bowl":3,"minecraft:blaze_rod":1,"minecraft:raw_copper":47,"minecraft:cocoa_beans":12,"minecraft:tuff":5,"minecraft:obsidian":5,"minecraft:rotten_flesh":15,"minecraft:oak_planks":74,"minecraft:white_terracotta":29,"minecraft:stone":1,"minecraft:flower_pot":1,"minecraft:peony":1,"minecraft:bundle":1,"minecraft:andesite":41,"minecraft:oak_sapling":1,"minecraft:red_nether_bricks":7,"minecraft:iron_bars":6,"minecraft:bow":2,"minecraft:wooden_pickaxe":1,"minecraft:calcite":2,"minecraft:netherrack":2,"minecraft:egg":3},"minecraft:picked_up":{"minecraft:cocoa_beans":24,"minecraft:crafting_table":1,"minecraft:flower_pot":1,"mekanism:raw_uranium":2,"minecraft:oak_stairs":3,"minecraft:cornflower":2,"minecraft:raw_copper":47,"minecraft:red_nether_bricks":7,"minecraft:cobbled_deepslate":102,"minecraft:beef":14,"minecraft:oak_boat":6,"minecraft:rose_bush":1,"minecraft:player_head":1,"minecraft:calcite":2,"minecraft:jungle_sapling":5,"minecraft:egg":8,"minecraft:stick":37,"minecraft:raw_iron":121,"minecraft:stone":1,"minecraft:oak_door":7,"minecraft:torch":22,"minecraft:porkchop":11,"minecraft:cherry_log":392,"minecraft:pointed_dripstone":31,"tombstone:grave_dust":5,"minecraft:diorite":1,"minecraft:carrot":1,"minecraft:redstone":48,"mekanism:raw_tin":124,"minecraft:arrow":9,"minecraft:rotten_flesh":16,"minecraft:peony":1,"minecraft:nether_bricks":18,"minecraft:hay_block":6,"minecraft:white_terracotta":31,"minecraft:blaze_rod":2,"minecraft:mutton":12,"minecraft:birch_log":14,"minecraft:white_wool":8,"minecraft:cobblestone":370,"minecraft:oxeye_daisy":2,"minecraft:stripped_oak_log":16,"minecraft:basalt":49,"minecraft:cherry_planks":4,"mekanism:raw_lead":8,"minecraft:andesite":49,"minecraft:jungle_log":605,"minecraft:leather":7,"minecraft:flint":1,"minecraft:tuff":5,"minecraft:oak_log":47,"scalinghealth:bandages":1,"minecraft:yellow_bed":1,"minecraft:cobblestone_stairs":4,"scalinghealth:heart_crystal":2,"minecraft:dirt":73,"minecraft:bone":8,"minecraft:bow":2,"minecraft:wheat_seeds":8,"minecraft:fletching_table":1,"minecraft:iron_sword":1,"minecraft:oak_planks":89,"scalinghealth:heart_crystal_shard":2,"minecraft:dandelion":20,"minecraft:dripstone_block":1,"minecraft:gravel":24,"minecraft:white_bed":1,"minecraft:nether_brick_slab":4,"minecraft:cyan_bed":4,"mekanism:raw_osmium":59,"minecraft:mossy_cobblestone":13,"minecraft:bundle":1,"minecraft:yellow_carpet":6,"mekanism:fluorite_gem":78,"minecraft:granite":5,"minecraft:cherry_sapling":55,"minecraft:spruce_sign":2,"minecraft:oak_sapling":3,"minecraft:netherrack":2,"minecraft:dark_oak_fence":1,"minecraft:coal":17},"minecraft:custom":{"lootr:looted_stat":17,"minecraft:interact_with_anvil":1,"minecraft:mob_kills":48,"minecraft:interact_with_crafting_table":19,"minecraft:bell_ring":1,"minecraft:eat_cake_slice":21,"minecraft:leave_game":4,"minecraft:time_since_death":199141,"minecraft:damage_resisted":26,"minecraft:climb_one_cm":22468,"minecraft:sprint_one_cm":600059,"minecraft:walk_one_cm":633140,"minecraft:drop":143,"minecraft:talked_to_villager":51,"minecraft:play_time":231881,"minecraft:sneak_time":38344,"minecraft:deaths":1,"minecraft:walk_under_water_one_cm":7587,"minecraft:boat_one_cm":12420,"minecraft:jump":4816,"minecraft:interact_with_blast_furnace":1,"minecraft:walk_on_water_one_cm":12495,"minecraft:total_world_time":231881,"minecraft:interact_with_furnace":38,"minecraft:traded_with_villager":132,"minecraft:interact_with_stonecutter":2,"minecraft:sleep_in_bed":14,"minecraft:time_since_rest":17314,"minecraft:waystone_activated":1,"minecraft:damage_taken":3244,"minecraft:damage_dealt":10873,"tombstone:cast_on_ally":0,"minecraft:swim_one_cm":6184,"minecraft:fly_one_cm":749857,"minecraft:player_kills":1,"minecraft:open_chest":33,"minecraft:crouch_one_cm":149901,"tombstone:undead_killed":26,"minecraft:interact_with_smoker":1,"minecraft:fall_one_cm":115329,"minecraft:horse_one_cm":351117},"minecraft:crafted":{"minecraft:cherry_planks":1488,"minecraft:wooden_sword":6,"minecraft:oak_planks":172,"minecraft:furnace":2,"minecraft:stone":3,"minecraft:cooked_mutton":6,"minecraft:flint_and_steel":1,"minecraft:iron_axe":1,"minecraft:chest":8,"minecraft:cooked_beef":5,"minecraft:emerald":128,"minecraft:cooked_porkchop":8,"minecraft:diamond_axe":1,"minecraft:crafting_table":5,"minecraft:wooden_pickaxe":1,"minecraft:birch_planks":56,"minecraft:stone_axe":1,"minecraft:enchanted_book":1,"minecraft:air":0,"minecraft:jungle_planks":1140,"minecraft:oak_boat":1,"minecraft:charcoal":20,"minecraft:diamond_pickaxe":3,"minecraft:stick":4288,"minecraft:iron_ingot":32,"minecraft:iron_block":3,"minecraft:iron_shovel":1,"minecraft:anvil":1,"minecraft:stonecutter":1,"minecraft:white_bed":1,"minecraft:torch":32},"minecraft:broken":{"minecraft:iron_axe":1,"minecraft:wooden_sword":1},"minecraft:killed":{"minecraft:spider":1,"mekanismadditions:baby_wither_skeleton":1,"minecraft:skeleton":9,"minecraft:horse":1,"mekanismadditions:baby_skeleton":2,"minecraft:husk":7,"minecraft:pig":6,"majruszsdifficulty:cursed_armor":1,"minecraft:sheep":7,"minecraft:zombie":7,"minecraft:cow":6},"minecraft:mined":{"minecraft:tuff":5,"minecraft:white_bed":1,"minecraft:mossy_cobblestone":10,"minecraft:cobblestone_stairs":2,"minecraft:cherry_log":394,"minecraft:cherry_sapling":1,"minecraft:jungle_leaves":50,"minecraft:red_nether_bricks":7,"mekanism:deepslate_osmium_ore":35,"minecraft:nether_bricks":18,"minecraft:granite":5,"minecraft:grass_block":52,"minecraft:yellow_carpet":3,"minecraft:jungle_log":611,"minecraft:hay_block":6,"minecraft:redstone_ore":6,"minecraft:iron_ore":37,"minecraft:fire":1,"minecraft:andesite":49,"minecraft:fletching_table":1,"minecraft:peony":1,"minecraft:pointed_dripstone":12,"minecraft:potted_dandelion":1,"minecraft:dirt_path":3,"minecraft:deepslate_iron_ore":48,"minecraft:vine":56,"minecraft:oak_stairs":3,"minecraft:stripped_oak_log":16,"minecraft:stone":236,"minecraft:player_head":1,"minecraft:cake":1,"minecraft:deepslate_redstone_ore":4,"mekanism:osmium_ore":12,"minecraft:glass_pane":8,"minecraft:cherry_planks":4,"minecraft:basalt":49,"minecraft:dandelion":16,"scalinghealth:deepslate_heart_crystal_ore":2,"minecraft:crafting_table":1,"minecraft:cornflower":1,"minecraft:torch":10,"minecraft:calcite":2,"mekanism:tin_ore":35,"minecraft:nether_brick_slab":4,"minecraft:copper_ore":6,"minecraft:tall_grass":28,"minecraft:cobblestone":144,"minecraft:cyan_bed":4,"minecraft:oak_planks":91,"minecraft:diorite":1,"minecraft:wall_torch":6,"minecraft:white_terracotta":31,"mekanism:fluorite_ore":1,"minecraft:birch_log":14,"minecraft:birch_leaves":1,"minecraft:yellow_bed":1,"mekanism:deepslate_tin_ore":58,"minecraft:grass":64,"minecraft:oak_log":47,"minecraft:coal_ore":17,"mekanism:lead_ore":5,"minecraft:gravel":17,"minecraft:cherry_leaves":67,"minecraft:dirt":20,"minecraft:dripstone_block":2,"mekanism:deepslate_fluorite_ore":17,"mekanism:deepslate_uranium_ore":2,"minecraft:netherrack":1,"minecraft:oak_leaves":39,"minecraft:deepslate":103},"minecraft:used":{"minecraft:cherry_sapling":52,"minecraft:iron_shovel":59,"minecraft:flint_and_steel":12,"minecraft:chest":8,"minecraft:white_terracotta":2,"minecraft:iron_sword":201,"tombstone:scroll_of_purification":1,"minecraft:player_head":1,"minecraft:rotten_flesh":1,"minecraft:torch":48,"minecraft:anvil":1,"minecraft:dirt":18,"minecraft:mutton":6,"scalinghealth:heart_crystal":2,"minecraft:nether_bricks":18,"minecraft:jungle_planks":2,"minecraft:carrot":2,"minecraft:jungle_sapling":2,"tombstone:tablet_of_cupidity":1,"minecraft:iron_axe":252,"minecraft:basalt":49,"minecraft:beef":9,"minecraft:furnace":2,"tombstone:gift":2,"minecraft:egg":5,"minecraft:cooked_beef":5,"minecraft:golden_boots":1,"minecraft:iron_leggings":1,"minecraft:cooked_mutton":6,"tombstone:scroll_of_mercy":1,"minecraft:birch_planks":25,"minecraft:oak_planks":63,"minecraft:wooden_pickaxe":6,"minecraft:leather_chestplate":1,"minecraft:ender_pearl":3,"minecraft:cherry_planks":534,"minecraft:chainmail_helmet":1,"minecraft:diamond_axe":1018,"minecraft:fletching_table":1,"minecraft:stonecutter":1,"minecraft:mossy_cobblestone":5,"minecraft:crafting_table":6,"minecraft:mushroom_stew":3,"minecraft:white_bed":2,"minecraft:cake":4,"minecraft:deepslate_tiles":97,"minecraft:diamond_pickaxe":987,"minecraft:apple":2,"scalinghealth:enchanted_heart":3,"minecraft:bread":11,"minecraft:cyan_bed":4,"minecraft:gravel":10,"minecraft:stone_axe":112,"minecraft:potion":1,"minecraft:wooden_sword":52,"minecraft:cobblestone":233,"minecraft:porkchop":3,"minecraft:cooked_porkchop":3,"minecraft:dark_oak_fence":1,"minecraft:andesite":8,"minecraft:yellow_bed":1,"minecraft:oak_boat":6}},"DataVersion":3465}