{"stats":{"minecraft:picked_up":{"minecraft:crafting_table":1,"minecraft:red_nether_bricks":7,"minecraft:beef":5,"minecraft:oak_boat":5,"minecraft:rose_bush":1,"minecraft:calcite":2,"minecraft:player_head":1,"minecraft:egg":2,"minecraft:stick":2,"minecraft:oak_door":6,"minecraft:torch":6,"minecraft:porkchop":3,"tombstone:grave_dust":5,"minecraft:carrot":1,"minecraft:arrow":5,"minecraft:rotten_flesh":10,"minecraft:peony":1,"minecraft:nether_bricks":18,"minecraft:blaze_rod":1,"minecraft:mutton":6,"minecraft:white_wool":5,"minecraft:cobblestone":77,"minecraft:birch_log":14,"minecraft:basalt":49,"minecraft:leather":1,"minecraft:flint":1,"minecraft:oak_log":34,"minecraft:cobblestone_stairs":4,"scalinghealth:heart_crystal":1,"minecraft:bone":8,"minecraft:bow":1,"minecraft:wheat_seeds":4,"minecraft:fletching_table":1,"minecraft:iron_sword":1,"minecraft:oak_planks":7,"minecraft:gravel":20,"minecraft:white_bed":1,"minecraft:nether_brick_slab":4,"minecraft:cyan_bed":4,"minecraft:mossy_cobblestone":10,"minecraft:yellow_carpet":6,"minecraft:spruce_sign":2,"minecraft:netherrack":2,"minecraft:dark_oak_fence":1,"minecraft:coal":3},"minecraft:broken":{"minecraft:wooden_sword":1},"minecraft:dropped":{"minecraft:spruce_sign":2,"minecraft:wheat_seeds":4,"minecraft:mossy_cobblestone":4,"minecraft:glass_bottle":1,"minecraft:cobblestone":10,"minecraft:leather":1,"minecraft:yellow_carpet":6,"minecraft:stick":5,"minecraft:cobblestone_stairs":2,"minecraft:rose_bush":1,"tombstone:grave_dust":5,"minecraft:wooden_sword":5,"minecraft:iron_pickaxe":1,"minecraft:white_wool":1,"minecraft:bone":6,"minecraft:oak_door":4,"minecraft:gravel":10,"minecraft:nether_brick_slab":4,"minecraft:bowl":3,"minecraft:rotten_flesh":9,"minecraft:oak_planks":8,"minecraft:peony":1,"minecraft:iron_bars":6,"minecraft:red_nether_bricks":7,"minecraft:bow":1,"minecraft:calcite":2,"minecraft:netherrack":2,"minecraft:egg":1},"minecraft:killed_by":{"minecraft:skeleton":1},"minecraft:mined":{"minecraft:white_bed":1,"minecraft:mossy_cobblestone":6,"minecraft:cobblestone_stairs":2,"minecraft:red_nether_bricks":7,"minecraft:nether_bricks":18,"minecraft:yellow_carpet":3,"minecraft:fire":1,"minecraft:fletching_table":1,"minecraft:peony":1,"minecraft:stone":1,"minecraft:player_head":1,"minecraft:cake":1,"minecraft:glass_pane":5,"minecraft:basalt":49,"minecraft:crafting_table":1,"minecraft:calcite":2,"minecraft:nether_brick_slab":4,"minecraft:cobblestone":75,"minecraft:tall_grass":5,"minecraft:cyan_bed":4,"minecraft:oak_planks":8,"minecraft:wall_torch":1,"minecraft:birch_log":14,"minecraft:birch_leaves":1,"minecraft:grass":22,"minecraft:coal_ore":3,"minecraft:oak_log":34,"minecraft:gravel":17,"minecraft:netherrack":1,"minecraft:oak_leaves":2},"minecraft:killed":{"minecraft:spider":1,"mekanismadditions:baby_wither_skeleton":1,"minecraft:skeleton":5,"mekanismadditions:baby_skeleton":1,"minecraft:husk":7,"minecraft:pig":2,"majruszsdifficulty:cursed_armor":1,"minecraft:sheep":4,"minecraft:cow":3},"minecraft:used":{"minecraft:flint_and_steel":2,"minecraft:iron_sword":117,"minecraft:player_head":1,"minecraft:rotten_flesh":1,"minecraft:torch":7,"minecraft:mutton":6,"scalinghealth:heart_crystal":1,"minecraft:nether_bricks":18,"minecraft:carrot":2,"minecraft:iron_axe":38,"minecraft:basalt":49,"minecraft:beef":5,"tombstone:gift":2,"minecraft:iron_leggings":1,"minecraft:golden_boots":1,"tombstone:scroll_of_mercy":1,"minecraft:birch_planks":25,"minecraft:oak_planks":63,"minecraft:ender_pearl":3,"minecraft:leather_chestplate":1,"minecraft:wooden_pickaxe":6,"minecraft:chainmail_helmet":1,"minecraft:fletching_table":1,"minecraft:mossy_cobblestone":5,"minecraft:crafting_table":5,"minecraft:mushroom_stew":3,"minecraft:white_bed":2,"minecraft:cake":4,"minecraft:diamond_pickaxe":168,"minecraft:apple":2,"scalinghealth:enchanted_heart":3,"minecraft:cyan_bed":4,"minecraft:bread":8,"minecraft:gravel":10,"minecraft:wooden_sword":52,"minecraft:cobblestone":65,"minecraft:potion":1,"minecraft:porkchop":3,"minecraft:dark_oak_fence":1,"minecraft:oak_boat":5},"minecraft:custom":{"lootr:looted_stat":17,"minecraft:mob_kills":25,"minecraft:interact_with_crafting_table":9,"minecraft:eat_cake_slice":21,"minecraft:leave_game":1,"minecraft:time_since_death":43107,"minecraft:climb_one_cm":4199,"minecraft:damage_resisted":26,"minecraft:sprint_one_cm":261113,"minecraft:walk_one_cm":271469,"minecraft:drop":62,"minecraft:talked_to_villager":1,"minecraft:play_time":75847,"minecraft:deaths":1,"minecraft:sneak_time":8310,"minecraft:walk_under_water_one_cm":1398,"minecraft:jump":1736,"minecraft:interact_with_blast_furnace":1,"minecraft:walk_on_water_one_cm":3536,"minecraft:total_world_time":75847,"minecraft:interact_with_furnace":1,"minecraft:sleep_in_bed":3,"minecraft:time_since_rest":41931,"minecraft:waystone_activated":1,"minecraft:damage_taken":2248,"minecraft:damage_dealt":6381,"tombstone:cast_on_ally":0,"minecraft:swim_one_cm":4254,"minecraft:fly_one_cm":296615,"minecraft:crouch_one_cm":28461,"tombstone:undead_killed":14,"minecraft:interact_with_smoker":1,"minecraft:fall_one_cm":45103},"minecraft:crafted":{"minecraft:wooden_sword":6,"minecraft:oak_planks":136,"minecraft:flint_and_steel":1,"minecraft:iron_axe":1,"minecraft:crafting_table":4,"minecraft:wooden_pickaxe":1,"minecraft:birch_planks":56,"minecraft:oak_boat":1,"minecraft:diamond_pickaxe":1,"minecraft:stick":24,"minecraft:white_bed":1,"minecraft:torch":12}},"DataVersion":3465}