{"stats":{"minecraft:picked_up":{"minecraft:birch_log":14,"minecraft:stick":2,"minecraft:crafting_table":1,"minecraft:leather":1,"minecraft:gravel":18,"minecraft:porkchop":3,"minecraft:oak_log":6,"scalinghealth:heart_crystal":1,"minecraft:bone":2,"minecraft:arrow":2,"minecraft:bow":1,"minecraft:wheat_seeds":1,"minecraft:peony":1,"minecraft:beef":4,"minecraft:coal":3,"minecraft:cobblestone":2,"minecraft:egg":1},"minecraft:dropped":{"minecraft:gravel":8,"minecraft:wheat_seeds":1,"minecraft:peony":1,"minecraft:cobblestone":1,"minecraft:wooden_sword":5,"minecraft:iron_pickaxe":1,"minecraft:bone":2,"minecraft:stick":2},"minecraft:mined":{"minecraft:birch_log":14,"minecraft:birch_leaves":1,"minecraft:crafting_table":1,"minecraft:peony":1,"minecraft:grass":3,"minecraft:oak_log":6,"minecraft:coal_ore":3,"minecraft:gravel":14,"minecraft:stone":1,"minecraft:oak_leaves":2},"minecraft:killed":{"minecraft:skeleton":1,"minecraft:pig":2,"minecraft:cow":2},"minecraft:used":{"minecraft:wooden_pickaxe":4,"minecraft:gravel":10,"minecraft:torch":2,"minecraft:wooden_sword":33,"minecraft:beef":4,"minecraft:crafting_table":3,"minecraft:porkchop":3},"minecraft:custom":{"minecraft:time_since_rest":11,"minecraft:interact_with_furnace":1,"lootr:looted_stat":2,"minecraft:sprint_one_cm":63576,"minecraft:damage_taken":245,"minecraft:walk_one_cm":48459,"minecraft:mob_kills":5,"minecraft:drop":20,"minecraft:damage_dealt":617,"minecraft:fly_one_cm":61525,"minecraft:interact_with_crafting_table":4,"minecraft:swim_one_cm":1692,"minecraft:crouch_one_cm":1094,"minecraft:play_time":16175,"tombstone:undead_killed":1,"minecraft:sneak_time":1187,"minecraft:walk_under_water_one_cm":695,"minecraft:jump":425,"minecraft:time_since_death":16175,"minecraft:walk_on_water_one_cm":3295,"minecraft:sleep_in_bed":3,"minecraft:interact_with_smoker":1,"minecraft:climb_one_cm":1660,"minecraft:total_world_time":16175,"minecraft:fall_one_cm":10708},"minecraft:crafted":{"minecraft:wooden_sword":6,"minecraft:oak_planks":24,"minecraft:diamond_pickaxe":1,"minecraft:crafting_table":2,"minecraft:stick":16,"minecraft:wooden_pickaxe":1,"minecraft:torch":12,"minecraft:birch_planks":56}},"DataVersion":3465}