{"stats":{"minecraft:picked_up":{"minecraft:birch_log":14,"minecraft:crafting_table":1,"minecraft:leather":1,"minecraft:oak_log":6,"scalinghealth:heart_crystal":1,"minecraft:red_nether_bricks":7,"minecraft:bone":4,"minecraft:bow":1,"minecraft:wheat_seeds":4,"minecraft:beef":5,"minecraft:calcite":2,"minecraft:rose_bush":1,"minecraft:player_head":1,"minecraft:iron_sword":1,"minecraft:egg":1,"minecraft:stick":2,"minecraft:gravel":18,"minecraft:porkchop":3,"tombstone:grave_dust":5,"minecraft:carrot":1,"minecraft:nether_brick_slab":4,"minecraft:cyan_bed":2,"minecraft:rotten_flesh":9,"minecraft:arrow":3,"minecraft:yellow_carpet":6,"minecraft:peony":1,"minecraft:spruce_sign":2,"minecraft:dark_oak_fence":1,"minecraft:cobblestone":15,"minecraft:mutton":6,"minecraft:coal":3,"minecraft:white_wool":4},"minecraft:broken":{"minecraft:wooden_sword":1},"minecraft:dropped":{"minecraft:gravel":8,"minecraft:nether_brick_slab":4,"minecraft:wheat_seeds":4,"minecraft:bowl":2,"minecraft:cobblestone":9,"minecraft:yellow_carpet":6,"minecraft:stick":5,"minecraft:peony":1,"minecraft:rose_bush":1,"tombstone:grave_dust":5,"minecraft:red_nether_bricks":7,"minecraft:wooden_sword":5,"minecraft:iron_bars":6,"minecraft:iron_pickaxe":1,"minecraft:calcite":2,"minecraft:bone":4,"minecraft:egg":1},"minecraft:killed_by":{"minecraft:skeleton":1},"minecraft:mined":{"minecraft:red_nether_bricks":7,"minecraft:crafting_table":1,"minecraft:calcite":2,"minecraft:yellow_carpet":3,"minecraft:nether_brick_slab":4,"minecraft:tall_grass":5,"minecraft:cobblestone":14,"minecraft:cyan_bed":2,"minecraft:birch_log":14,"minecraft:birch_leaves":1,"minecraft:peony":1,"minecraft:grass":13,"minecraft:coal_ore":3,"minecraft:oak_log":6,"minecraft:gravel":14,"minecraft:stone":1,"minecraft:cake":1,"minecraft:player_head":1,"minecraft:oak_leaves":2},"minecraft:killed":{"minecraft:husk":7,"minecraft:pig":2,"minecraft:sheep":4,"minecraft:skeleton":4,"minecraft:cow":3},"minecraft:custom":{"lootr:looted_stat":13,"minecraft:interact_with_furnace":1,"minecraft:mob_kills":20,"minecraft:interact_with_crafting_table":6,"minecraft:eat_cake_slice":4,"minecraft:time_since_death":7435,"minecraft:sleep_in_bed":3,"minecraft:climb_one_cm":4199,"minecraft:damage_resisted":6,"minecraft:time_since_rest":6259,"minecraft:waystone_activated":1,"minecraft:sprint_one_cm":151289,"minecraft:damage_taken":1289,"minecraft:walk_one_cm":159178,"minecraft:drop":39,"minecraft:damage_dealt":4860,"minecraft:swim_one_cm":1692,"minecraft:fly_one_cm":155409,"minecraft:deaths":1,"minecraft:crouch_one_cm":5915,"minecraft:play_time":40175,"tombstone:undead_killed":11,"minecraft:sneak_time":3069,"minecraft:walk_under_water_one_cm":695,"minecraft:jump":922,"minecraft:interact_with_blast_furnace":1,"minecraft:walk_on_water_one_cm":3295,"minecraft:total_world_time":40175,"minecraft:interact_with_smoker":1,"minecraft:fall_one_cm":20684},"minecraft:used":{"minecraft:golden_boots":1,"minecraft:leather_chestplate":1,"minecraft:wooden_pickaxe":6,"minecraft:iron_sword":86,"minecraft:chainmail_helmet":1,"minecraft:player_head":1,"minecraft:rotten_flesh":1,"minecraft:torch":5,"minecraft:mutton":6,"scalinghealth:heart_crystal":1,"minecraft:crafting_table":4,"minecraft:mushroom_stew":2,"minecraft:carrot":2,"minecraft:white_bed":1,"minecraft:cake":1,"minecraft:diamond_pickaxe":26,"minecraft:bread":4,"minecraft:gravel":10,"minecraft:wooden_sword":52,"minecraft:cobblestone":6,"minecraft:potion":1,"minecraft:beef":5,"minecraft:porkchop":3,"minecraft:dark_oak_fence":1,"tombstone:gift":2,"minecraft:iron_leggings":1},"minecraft:crafted":{"minecraft:wooden_sword":6,"minecraft:oak_planks":24,"minecraft:crafting_table":3,"minecraft:wooden_pickaxe":1,"minecraft:birch_planks":56,"minecraft:diamond_pickaxe":1,"minecraft:stick":16,"minecraft:white_bed":1,"minecraft:torch":12}},"DataVersion":3465}