{"stats":{"minecraft:picked_up":{"minecraft:birch_log":14,"minecraft:crafting_table":1,"minecraft:leather":1,"minecraft:oak_log":6,"scalinghealth:heart_crystal":1,"minecraft:bone":2,"minecraft:bow":1,"minecraft:wheat_seeds":4,"minecraft:beef":5,"minecraft:rose_bush":1,"minecraft:player_head":1,"minecraft:iron_sword":1,"minecraft:egg":1,"minecraft:stick":2,"minecraft:gravel":18,"minecraft:porkchop":3,"minecraft:rotten_flesh":2,"minecraft:arrow":2,"minecraft:yellow_carpet":6,"minecraft:peony":1,"minecraft:cobblestone":15,"minecraft:mutton":6,"minecraft:coal":3,"minecraft:white_wool":4},"minecraft:broken":{"minecraft:wooden_sword":1},"minecraft:dropped":{"minecraft:gravel":8,"minecraft:wheat_seeds":1,"minecraft:cobblestone":1,"minecraft:yellow_carpet":3,"minecraft:stick":2,"minecraft:peony":1,"minecraft:wooden_sword":5,"minecraft:iron_pickaxe":1,"minecraft:bone":2,"minecraft:egg":1},"minecraft:mined":{"minecraft:crafting_table":1,"minecraft:yellow_carpet":3,"minecraft:tall_grass":5,"minecraft:cobblestone":14,"minecraft:birch_log":14,"minecraft:birch_leaves":1,"minecraft:peony":1,"minecraft:grass":13,"minecraft:coal_ore":3,"minecraft:oak_log":6,"minecraft:gravel":14,"minecraft:stone":1,"minecraft:player_head":1,"minecraft:oak_leaves":2},"minecraft:killed":{"minecraft:husk":1,"minecraft:pig":2,"minecraft:sheep":4,"minecraft:skeleton":1,"minecraft:cow":3},"minecraft:used":{"minecraft:wooden_pickaxe":6,"minecraft:iron_sword":10,"minecraft:rotten_flesh":1,"minecraft:torch":4,"minecraft:mutton":6,"minecraft:crafting_table":4,"minecraft:white_bed":1,"minecraft:diamond_pickaxe":13,"minecraft:bread":3,"minecraft:gravel":10,"minecraft:wooden_sword":52,"minecraft:beef":5,"minecraft:porkchop":3},"minecraft:custom":{"lootr:looted_stat":3,"minecraft:interact_with_furnace":1,"minecraft:mob_kills":11,"minecraft:interact_with_crafting_table":5,"minecraft:time_since_death":28175,"minecraft:sleep_in_bed":3,"minecraft:climb_one_cm":1676,"minecraft:time_since_rest":12011,"minecraft:waystone_activated":1,"minecraft:sprint_one_cm":123659,"minecraft:damage_taken":505,"minecraft:walk_one_cm":91799,"minecraft:drop":24,"minecraft:damage_dealt":1462,"minecraft:swim_one_cm":1692,"minecraft:fly_one_cm":148072,"minecraft:crouch_one_cm":2831,"minecraft:play_time":28175,"tombstone:undead_killed":2,"minecraft:sneak_time":1685,"minecraft:walk_under_water_one_cm":695,"minecraft:jump":790,"minecraft:walk_on_water_one_cm":3295,"minecraft:total_world_time":28175,"minecraft:interact_with_smoker":1,"minecraft:fall_one_cm":20415},"minecraft:crafted":{"minecraft:wooden_sword":6,"minecraft:oak_planks":24,"minecraft:crafting_table":3,"minecraft:wooden_pickaxe":1,"minecraft:birch_planks":56,"minecraft:diamond_pickaxe":1,"minecraft:stick":16,"minecraft:white_bed":1,"minecraft:torch":12}},"DataVersion":3465}