{"stats":{"minecraft:picked_up":{"minecraft:birch_log":14,"minecraft:crafting_table":1,"minecraft:basalt":36,"minecraft:leather":1,"minecraft:flint":1,"minecraft:oak_log":6,"scalinghealth:heart_crystal":1,"minecraft:red_nether_bricks":7,"minecraft:bone":4,"minecraft:bow":1,"minecraft:wheat_seeds":4,"minecraft:beef":5,"minecraft:oak_boat":1,"minecraft:calcite":2,"minecraft:rose_bush":1,"minecraft:player_head":1,"minecraft:iron_sword":1,"minecraft:egg":1,"minecraft:stick":2,"minecraft:gravel":20,"minecraft:porkchop":3,"tombstone:grave_dust":5,"minecraft:carrot":1,"minecraft:nether_brick_slab":4,"minecraft:cyan_bed":2,"minecraft:rotten_flesh":10,"minecraft:arrow":3,"minecraft:yellow_carpet":6,"minecraft:peony":1,"minecraft:spruce_sign":2,"minecraft:dark_oak_fence":1,"minecraft:cobblestone":15,"minecraft:mutton":6,"minecraft:coal":3,"minecraft:white_wool":4},"minecraft:broken":{"minecraft:wooden_sword":1},"minecraft:dropped":{"minecraft:gravel":10,"minecraft:spruce_sign":2,"minecraft:nether_brick_slab":4,"minecraft:wheat_seeds":4,"minecraft:glass_bottle":1,"minecraft:bowl":3,"minecraft:cobblestone":9,"minecraft:rotten_flesh":9,"minecraft:oak_planks":8,"minecraft:leather":1,"minecraft:yellow_carpet":6,"minecraft:stick":5,"minecraft:peony":1,"minecraft:rose_bush":1,"tombstone:grave_dust":5,"minecraft:red_nether_bricks":7,"minecraft:wooden_sword":5,"minecraft:iron_bars":6,"minecraft:bow":1,"minecraft:iron_pickaxe":1,"minecraft:calcite":2,"minecraft:bone":4,"minecraft:egg":1},"minecraft:killed_by":{"minecraft:skeleton":1},"minecraft:mined":{"minecraft:basalt":36,"minecraft:red_nether_bricks":7,"minecraft:crafting_table":1,"minecraft:calcite":2,"minecraft:yellow_carpet":3,"minecraft:nether_brick_slab":4,"minecraft:tall_grass":5,"minecraft:cobblestone":14,"minecraft:cyan_bed":2,"minecraft:birch_log":14,"minecraft:fire":1,"minecraft:birch_leaves":1,"minecraft:peony":1,"minecraft:grass":13,"minecraft:coal_ore":3,"minecraft:oak_log":6,"minecraft:gravel":17,"minecraft:stone":1,"minecraft:cake":1,"minecraft:player_head":1,"minecraft:oak_leaves":2},"minecraft:killed":{"minecraft:husk":7,"minecraft:pig":2,"minecraft:sheep":4,"minecraft:skeleton":4,"minecraft:cow":3},"minecraft:custom":{"lootr:looted_stat":14,"minecraft:interact_with_furnace":1,"minecraft:mob_kills":20,"minecraft:interact_with_crafting_table":7,"minecraft:eat_cake_slice":8,"minecraft:time_since_death":19435,"minecraft:sleep_in_bed":3,"minecraft:climb_one_cm":4199,"minecraft:damage_resisted":26,"minecraft:time_since_rest":18259,"minecraft:waystone_activated":1,"minecraft:sprint_one_cm":188415,"minecraft:damage_taken":1595,"minecraft:walk_one_cm":190139,"minecraft:drop":48,"minecraft:damage_dealt":4920,"minecraft:swim_one_cm":4254,"minecraft:fly_one_cm":209904,"minecraft:deaths":1,"minecraft:crouch_one_cm":14431,"minecraft:play_time":52175,"tombstone:undead_killed":11,"minecraft:sneak_time":4906,"minecraft:walk_under_water_one_cm":1398,"minecraft:jump":1236,"minecraft:interact_with_blast_furnace":1,"minecraft:walk_on_water_one_cm":3536,"minecraft:total_world_time":52175,"minecraft:interact_with_smoker":1,"minecraft:fall_one_cm":32421},"minecraft:used":{"minecraft:golden_boots":1,"minecraft:flint_and_steel":2,"minecraft:birch_planks":25,"minecraft:ender_pearl":3,"minecraft:leather_chestplate":1,"minecraft:wooden_pickaxe":6,"minecraft:iron_sword":87,"minecraft:chainmail_helmet":1,"minecraft:player_head":1,"minecraft:rotten_flesh":1,"minecraft:torch":5,"minecraft:mutton":6,"scalinghealth:heart_crystal":1,"minecraft:crafting_table":5,"minecraft:mushroom_stew":3,"minecraft:carrot":2,"minecraft:white_bed":1,"minecraft:cake":2,"minecraft:diamond_pickaxe":62,"minecraft:apple":1,"minecraft:bread":4,"minecraft:gravel":10,"minecraft:basalt":32,"minecraft:wooden_sword":52,"minecraft:cobblestone":6,"minecraft:potion":1,"minecraft:beef":5,"minecraft:porkchop":3,"minecraft:dark_oak_fence":1,"tombstone:gift":2,"minecraft:oak_boat":2,"minecraft:iron_leggings":1},"minecraft:crafted":{"minecraft:wooden_sword":6,"minecraft:oak_planks":24,"minecraft:crafting_table":4,"minecraft:wooden_pickaxe":1,"minecraft:birch_planks":56,"minecraft:flint_and_steel":1,"minecraft:oak_boat":1,"minecraft:diamond_pickaxe":1,"minecraft:stick":16,"minecraft:white_bed":1,"minecraft:torch":12}},"DataVersion":3465}