{"stats":{"minecraft:picked_up":{"minecraft:cocoa_beans":12,"minecraft:crafting_table":1,"minecraft:flower_pot":1,"minecraft:oak_stairs":3,"minecraft:cornflower":2,"minecraft:raw_copper":47,"minecraft:red_nether_bricks":7,"minecraft:cobbled_deepslate":28,"minecraft:beef":14,"minecraft:oak_boat":6,"minecraft:rose_bush":1,"minecraft:player_head":1,"minecraft:calcite":2,"minecraft:jungle_sapling":3,"minecraft:egg":8,"minecraft:stick":22,"minecraft:oak_door":7,"minecraft:torch":21,"minecraft:porkchop":3,"minecraft:cherry_log":204,"tombstone:grave_dust":5,"minecraft:carrot":1,"mekanism:raw_tin":25,"minecraft:arrow":7,"minecraft:rotten_flesh":13,"minecraft:peony":1,"minecraft:nether_bricks":18,"minecraft:hay_block":6,"minecraft:white_terracotta":31,"minecraft:blaze_rod":2,"minecraft:mutton":12,"minecraft:birch_log":14,"minecraft:white_wool":8,"minecraft:cobblestone":339,"minecraft:oxeye_daisy":2,"minecraft:stripped_oak_log":16,"minecraft:basalt":49,"minecraft:cherry_planks":4,"minecraft:andesite":45,"minecraft:jungle_log":281,"minecraft:leather":7,"minecraft:flint":1,"minecraft:oak_log":43,"minecraft:yellow_bed":1,"minecraft:cobblestone_stairs":4,"scalinghealth:heart_crystal":1,"minecraft:dirt":59,"minecraft:bone":8,"minecraft:bow":1,"minecraft:wheat_seeds":7,"minecraft:fletching_table":1,"minecraft:iron_sword":1,"minecraft:oak_planks":89,"minecraft:dandelion":20,"minecraft:gravel":24,"minecraft:white_bed":1,"minecraft:nether_brick_slab":4,"minecraft:cyan_bed":4,"minecraft:mossy_cobblestone":13,"minecraft:yellow_carpet":6,"minecraft:granite":4,"minecraft:cherry_sapling":31,"minecraft:spruce_sign":2,"minecraft:oak_sapling":1,"minecraft:netherrack":2,"minecraft:dark_oak_fence":1,"minecraft:coal":12},"minecraft:broken":{"minecraft:iron_axe":1,"minecraft:wooden_sword":1},"minecraft:dropped":{"minecraft:spruce_sign":2,"minecraft:iron_ingot":2,"minecraft:wheat_seeds":7,"minecraft:mossy_cobblestone":8,"minecraft:glass_bottle":1,"minecraft:golden_horse_armor":1,"minecraft:cobblestone":29,"minecraft:leather":3,"minecraft:yellow_carpet":6,"minecraft:cobblestone_stairs":4,"minecraft:stick":9,"minecraft:oxeye_daisy":2,"minecraft:dirt":46,"minecraft:cornflower":2,"minecraft:rose_bush":1,"tombstone:grave_dust":5,"minecraft:jungle_sapling":1,"minecraft:oak_stairs":3,"minecraft:wooden_sword":5,"minecraft:iron_pickaxe":1,"minecraft:white_wool":5,"minecraft:dandelion":20,"minecraft:bone":8,"minecraft:oak_door":7,"minecraft:gravel":10,"minecraft:nether_brick_slab":4,"minecraft:stone_axe":1,"minecraft:blaze_rod":1,"minecraft:raw_copper":42,"minecraft:cocoa_beans":12,"minecraft:bowl":3,"minecraft:obsidian":5,"minecraft:rotten_flesh":12,"minecraft:oak_planks":74,"minecraft:white_terracotta":29,"minecraft:flower_pot":1,"minecraft:peony":1,"minecraft:andesite":13,"minecraft:oak_sapling":1,"minecraft:red_nether_bricks":7,"minecraft:iron_bars":6,"minecraft:bow":1,"minecraft:wooden_pickaxe":1,"minecraft:calcite":2,"minecraft:netherrack":2,"minecraft:egg":3},"minecraft:killed_by":{"minecraft:skeleton":1},"minecraft:mined":{"minecraft:white_bed":1,"minecraft:mossy_cobblestone":10,"minecraft:cherry_log":205,"minecraft:cobblestone_stairs":2,"minecraft:cherry_sapling":1,"minecraft:jungle_leaves":29,"minecraft:red_nether_bricks":7,"minecraft:granite":4,"minecraft:nether_bricks":18,"minecraft:grass_block":51,"minecraft:yellow_carpet":3,"minecraft:jungle_log":285,"minecraft:hay_block":6,"minecraft:fire":1,"minecraft:andesite":45,"minecraft:fletching_table":1,"minecraft:peony":1,"minecraft:potted_dandelion":1,"minecraft:vine":22,"minecraft:dirt_path":3,"minecraft:oak_stairs":3,"minecraft:stripped_oak_log":16,"minecraft:stone":205,"minecraft:player_head":1,"minecraft:cake":1,"minecraft:glass_pane":8,"minecraft:cherry_planks":4,"minecraft:basalt":49,"minecraft:dandelion":16,"minecraft:crafting_table":1,"minecraft:cornflower":1,"minecraft:torch":9,"minecraft:calcite":2,"mekanism:tin_ore":19,"minecraft:nether_brick_slab":4,"minecraft:copper_ore":6,"minecraft:tall_grass":21,"minecraft:cobblestone":144,"minecraft:cyan_bed":4,"minecraft:oak_planks":91,"minecraft:wall_torch":6,"minecraft:white_terracotta":31,"minecraft:birch_log":14,"minecraft:birch_leaves":1,"minecraft:yellow_bed":1,"minecraft:grass":53,"minecraft:oak_log":43,"minecraft:coal_ore":12,"minecraft:cherry_leaves":29,"minecraft:gravel":17,"minecraft:dirt":20,"minecraft:netherrack":1,"minecraft:deepslate":32,"minecraft:oak_leaves":27},"minecraft:killed":{"minecraft:spider":1,"mekanismadditions:baby_wither_skeleton":1,"minecraft:skeleton":6,"mekanismadditions:baby_skeleton":1,"minecraft:husk":7,"minecraft:pig":2,"majruszsdifficulty:cursed_armor":1,"minecraft:sheep":7,"minecraft:zombie":3,"minecraft:cow":6},"minecraft:used":{"minecraft:cherry_sapling":31,"minecraft:iron_shovel":59,"minecraft:flint_and_steel":12,"minecraft:chest":8,"minecraft:white_terracotta":2,"minecraft:iron_sword":146,"tombstone:scroll_of_purification":1,"minecraft:player_head":1,"minecraft:rotten_flesh":1,"minecraft:torch":27,"minecraft:dirt":5,"minecraft:mutton":6,"scalinghealth:heart_crystal":1,"minecraft:nether_bricks":18,"minecraft:carrot":2,"minecraft:jungle_sapling":2,"tombstone:tablet_of_cupidity":1,"minecraft:iron_axe":252,"minecraft:basalt":49,"minecraft:beef":5,"minecraft:furnace":2,"tombstone:gift":2,"minecraft:egg":5,"minecraft:cooked_beef":4,"minecraft:golden_boots":1,"minecraft:iron_leggings":1,"minecraft:cooked_mutton":4,"tombstone:scroll_of_mercy":1,"minecraft:birch_planks":25,"minecraft:oak_planks":63,"minecraft:ender_pearl":3,"minecraft:wooden_pickaxe":6,"minecraft:leather_chestplate":1,"minecraft:cherry_planks":534,"minecraft:chainmail_helmet":1,"minecraft:diamond_axe":380,"minecraft:fletching_table":1,"minecraft:mossy_cobblestone":5,"minecraft:crafting_table":6,"minecraft:mushroom_stew":3,"minecraft:white_bed":2,"minecraft:cake":4,"minecraft:diamond_pickaxe":611,"minecraft:apple":2,"scalinghealth:enchanted_heart":3,"minecraft:bread":11,"minecraft:cyan_bed":4,"minecraft:gravel":10,"minecraft:stone_axe":112,"minecraft:wooden_sword":52,"minecraft:cobblestone":164,"minecraft:potion":1,"minecraft:porkchop":3,"minecraft:dark_oak_fence":1,"minecraft:yellow_bed":1,"minecraft:oak_boat":6},"minecraft:custom":{"lootr:looted_stat":17,"minecraft:mob_kills":35,"minecraft:interact_with_crafting_table":16,"minecraft:bell_ring":1,"minecraft:eat_cake_slice":21,"minecraft:leave_game":2,"minecraft:time_since_death":141048,"minecraft:climb_one_cm":15292,"minecraft:damage_resisted":26,"minecraft:sprint_one_cm":443499,"minecraft:walk_one_cm":482831,"minecraft:drop":123,"minecraft:talked_to_villager":42,"minecraft:play_time":173788,"minecraft:sneak_time":27735,"minecraft:deaths":1,"minecraft:walk_under_water_one_cm":5460,"minecraft:boat_one_cm":12420,"minecraft:jump":3478,"minecraft:interact_with_blast_furnace":1,"minecraft:walk_on_water_one_cm":7762,"minecraft:total_world_time":173788,"minecraft:interact_with_furnace":7,"minecraft:traded_with_villager":94,"minecraft:sleep_in_bed":12,"minecraft:time_since_rest":8983,"minecraft:waystone_activated":1,"minecraft:damage_taken":2953,"minecraft:damage_dealt":7935,"tombstone:cast_on_ally":0,"minecraft:swim_one_cm":6184,"minecraft:fly_one_cm":560810,"minecraft:player_kills":1,"minecraft:open_chest":8,"minecraft:crouch_one_cm":107121,"tombstone:undead_killed":18,"minecraft:interact_with_smoker":1,"minecraft:fall_one_cm":87111,"minecraft:horse_one_cm":351117},"minecraft:crafted":{"minecraft:cherry_planks":816,"minecraft:wooden_sword":6,"minecraft:oak_planks":172,"minecraft:furnace":2,"minecraft:cooked_mutton":4,"minecraft:flint_and_steel":1,"minecraft:iron_axe":1,"minecraft:chest":8,"minecraft:cooked_beef":5,"minecraft:emerald":91,"minecraft:diamond_axe":1,"minecraft:crafting_table":5,"minecraft:wooden_pickaxe":1,"minecraft:birch_planks":56,"minecraft:stone_axe":1,"minecraft:air":0,"minecraft:jungle_planks":1124,"minecraft:oak_boat":1,"minecraft:diamond_pickaxe":3,"minecraft:stick":2916,"minecraft:iron_shovel":1,"minecraft:white_bed":1,"minecraft:torch":12}},"DataVersion":3465}