{"stats":{"minecraft:picked_up":{"minecraft:cocoa_beans":6,"minecraft:crafting_table":1,"minecraft:flower_pot":1,"minecraft:oak_stairs":3,"minecraft:cornflower":1,"minecraft:raw_copper":42,"minecraft:red_nether_bricks":7,"minecraft:beef":14,"minecraft:oak_boat":5,"minecraft:rose_bush":1,"minecraft:calcite":2,"minecraft:player_head":1,"minecraft:jungle_sapling":1,"minecraft:egg":8,"minecraft:stick":11,"minecraft:oak_door":7,"minecraft:torch":15,"minecraft:porkchop":3,"minecraft:cherry_log":131,"tombstone:grave_dust":5,"minecraft:carrot":1,"minecraft:arrow":5,"minecraft:rotten_flesh":12,"minecraft:peony":1,"minecraft:nether_bricks":18,"minecraft:hay_block":6,"minecraft:white_terracotta":31,"minecraft:blaze_rod":2,"minecraft:mutton":12,"minecraft:stripped_oak_log":16,"minecraft:white_wool":8,"minecraft:cobblestone":210,"minecraft:oxeye_daisy":2,"minecraft:birch_log":14,"minecraft:basalt":49,"minecraft:cherry_planks":1,"minecraft:jungle_log":129,"minecraft:andesite":13,"minecraft:leather":7,"minecraft:flint":1,"minecraft:oak_log":39,"minecraft:yellow_bed":1,"minecraft:cobblestone_stairs":4,"scalinghealth:heart_crystal":1,"minecraft:dirt":47,"minecraft:bone":8,"minecraft:bow":1,"minecraft:wheat_seeds":7,"minecraft:fletching_table":1,"minecraft:iron_sword":1,"minecraft:oak_planks":89,"minecraft:dandelion":10,"minecraft:gravel":20,"minecraft:white_bed":1,"minecraft:nether_brick_slab":4,"minecraft:cyan_bed":4,"minecraft:mossy_cobblestone":13,"minecraft:yellow_carpet":6,"minecraft:cherry_sapling":17,"minecraft:spruce_sign":2,"minecraft:netherrack":2,"minecraft:dark_oak_fence":1,"minecraft:coal":12},"minecraft:broken":{"minecraft:iron_axe":1,"minecraft:wooden_sword":1},"minecraft:dropped":{"minecraft:iron_ingot":2,"minecraft:spruce_sign":2,"minecraft:wheat_seeds":7,"minecraft:mossy_cobblestone":8,"minecraft:glass_bottle":1,"minecraft:golden_horse_armor":1,"minecraft:cobblestone":29,"minecraft:leather":1,"minecraft:yellow_carpet":6,"minecraft:stick":9,"minecraft:cobblestone_stairs":4,"minecraft:oxeye_daisy":2,"minecraft:dirt":46,"minecraft:cornflower":1,"minecraft:rose_bush":1,"tombstone:grave_dust":5,"minecraft:jungle_sapling":1,"minecraft:oak_stairs":3,"minecraft:wooden_sword":5,"minecraft:iron_pickaxe":1,"minecraft:white_wool":2,"minecraft:dandelion":10,"minecraft:bone":8,"minecraft:oak_door":7,"minecraft:gravel":10,"minecraft:nether_brick_slab":4,"minecraft:stone_axe":1,"minecraft:blaze_rod":1,"minecraft:cocoa_beans":6,"minecraft:raw_copper":42,"minecraft:bowl":3,"minecraft:rotten_flesh":11,"minecraft:oak_planks":74,"minecraft:flower_pot":1,"minecraft:peony":1,"minecraft:andesite":13,"minecraft:iron_bars":6,"minecraft:red_nether_bricks":7,"minecraft:bow":1,"minecraft:wooden_pickaxe":1,"minecraft:calcite":2,"minecraft:netherrack":2,"minecraft:egg":3},"minecraft:killed_by":{"minecraft:skeleton":1},"minecraft:mined":{"minecraft:white_bed":1,"minecraft:mossy_cobblestone":10,"minecraft:cherry_log":131,"minecraft:cobblestone_stairs":2,"minecraft:jungle_leaves":13,"minecraft:cherry_sapling":1,"minecraft:red_nether_bricks":7,"minecraft:nether_bricks":18,"minecraft:grass_block":47,"minecraft:yellow_carpet":3,"minecraft:jungle_log":131,"minecraft:hay_block":6,"minecraft:fire":1,"minecraft:andesite":13,"minecraft:fletching_table":1,"minecraft:peony":1,"minecraft:potted_dandelion":1,"minecraft:vine":12,"minecraft:dirt_path":3,"minecraft:oak_stairs":3,"minecraft:stripped_oak_log":16,"minecraft:stone":77,"minecraft:player_head":1,"minecraft:cake":1,"minecraft:glass_pane":8,"minecraft:cherry_planks":1,"minecraft:basalt":49,"minecraft:dandelion":3,"minecraft:crafting_table":1,"minecraft:torch":5,"minecraft:calcite":2,"minecraft:nether_brick_slab":4,"minecraft:copper_ore":5,"minecraft:cobblestone":143,"minecraft:tall_grass":21,"minecraft:cyan_bed":4,"minecraft:oak_planks":91,"minecraft:wall_torch":4,"minecraft:white_terracotta":31,"minecraft:birch_log":14,"minecraft:birch_leaves":1,"minecraft:yellow_bed":1,"minecraft:grass":47,"minecraft:coal_ore":12,"minecraft:oak_log":39,"minecraft:cherry_leaves":23,"minecraft:gravel":17,"minecraft:dirt":12,"minecraft:netherrack":1,"minecraft:oak_leaves":7},"minecraft:killed":{"minecraft:spider":1,"mekanismadditions:baby_wither_skeleton":1,"minecraft:skeleton":5,"mekanismadditions:baby_skeleton":1,"minecraft:husk":7,"minecraft:pig":2,"majruszsdifficulty:cursed_armor":1,"minecraft:sheep":7,"minecraft:zombie":3,"minecraft:cow":6},"minecraft:used":{"minecraft:cherry_sapling":17,"minecraft:iron_shovel":51,"minecraft:flint_and_steel":12,"minecraft:chest":8,"minecraft:white_terracotta":2,"minecraft:iron_sword":140,"tombstone:scroll_of_purification":1,"minecraft:player_head":1,"minecraft:rotten_flesh":1,"minecraft:torch":20,"minecraft:dirt":1,"minecraft:mutton":6,"scalinghealth:heart_crystal":1,"minecraft:nether_bricks":18,"minecraft:carrot":2,"tombstone:tablet_of_cupidity":1,"minecraft:iron_axe":252,"minecraft:basalt":49,"minecraft:beef":5,"minecraft:furnace":2,"tombstone:gift":2,"minecraft:egg":5,"minecraft:cooked_beef":2,"minecraft:iron_leggings":1,"minecraft:golden_boots":1,"minecraft:cooked_mutton":3,"tombstone:scroll_of_mercy":1,"minecraft:birch_planks":25,"minecraft:oak_planks":63,"minecraft:ender_pearl":3,"minecraft:leather_chestplate":1,"minecraft:wooden_pickaxe":6,"minecraft:cherry_planks":177,"minecraft:chainmail_helmet":1,"minecraft:diamond_axe":93,"minecraft:fletching_table":1,"minecraft:mossy_cobblestone":5,"minecraft:crafting_table":6,"minecraft:mushroom_stew":3,"minecraft:white_bed":2,"minecraft:cake":4,"minecraft:diamond_pickaxe":392,"minecraft:apple":2,"scalinghealth:enchanted_heart":3,"minecraft:cyan_bed":4,"minecraft:bread":11,"minecraft:gravel":10,"minecraft:stone_axe":112,"minecraft:wooden_sword":52,"minecraft:cobblestone":162,"minecraft:potion":1,"minecraft:porkchop":3,"minecraft:dark_oak_fence":1,"minecraft:yellow_bed":1,"minecraft:oak_boat":5},"minecraft:custom":{"lootr:looted_stat":17,"minecraft:mob_kills":34,"minecraft:interact_with_crafting_table":15,"minecraft:eat_cake_slice":21,"minecraft:leave_game":1,"minecraft:time_since_death":103107,"minecraft:climb_one_cm":11229,"minecraft:damage_resisted":26,"minecraft:sprint_one_cm":385996,"minecraft:walk_one_cm":412497,"minecraft:drop":107,"minecraft:talked_to_villager":12,"minecraft:play_time":135847,"minecraft:deaths":1,"minecraft:sneak_time":19270,"minecraft:walk_under_water_one_cm":3007,"minecraft:jump":2891,"minecraft:interact_with_blast_furnace":1,"minecraft:walk_on_water_one_cm":5312,"minecraft:total_world_time":135847,"minecraft:interact_with_furnace":7,"minecraft:traded_with_villager":26,"minecraft:sleep_in_bed":7,"minecraft:time_since_rest":12918,"minecraft:waystone_activated":1,"minecraft:damage_taken":2679,"minecraft:damage_dealt":7634,"tombstone:cast_on_ally":0,"minecraft:swim_one_cm":6184,"minecraft:fly_one_cm":468970,"minecraft:player_kills":1,"minecraft:open_chest":6,"minecraft:crouch_one_cm":72469,"tombstone:undead_killed":17,"minecraft:interact_with_smoker":1,"minecraft:fall_one_cm":70132,"minecraft:horse_one_cm":351117},"minecraft:crafted":{"minecraft:cherry_planks":436,"minecraft:wooden_sword":6,"minecraft:oak_planks":156,"minecraft:furnace":2,"minecraft:cooked_mutton":4,"minecraft:flint_and_steel":1,"minecraft:iron_axe":1,"minecraft:chest":8,"minecraft:cooked_beef":5,"minecraft:emerald":25,"minecraft:diamond_axe":1,"minecraft:crafting_table":5,"minecraft:wooden_pickaxe":1,"minecraft:birch_planks":56,"minecraft:stone_axe":1,"minecraft:air":0,"minecraft:jungle_planks":516,"minecraft:oak_boat":1,"minecraft:diamond_pickaxe":1,"minecraft:stick":1104,"minecraft:iron_shovel":1,"minecraft:white_bed":1,"minecraft:torch":12}},"DataVersion":3465}