{"stats":{"minecraft:picked_up":{"minecraft:birch_log":14,"minecraft:crafting_table":1,"minecraft:stick":2,"minecraft:wheat_seeds":1},"minecraft:dropped":{"minecraft:wheat_seeds":1,"minecraft:stick":2},"minecraft:mined":{"minecraft:grass":1,"minecraft:birch_log":14,"minecraft:birch_leaves":1,"minecraft:oak_leaves":2,"minecraft:crafting_table":1},"minecraft:used":{"minecraft:crafting_table":1},"minecraft:custom":{"minecraft:time_since_rest":4175,"minecraft:crouch_one_cm":101,"minecraft:play_time":4175,"minecraft:sprint_one_cm":15780,"minecraft:damage_taken":40,"minecraft:walk_one_cm":7575,"minecraft:sneak_time":424,"minecraft:walk_under_water_one_cm":582,"minecraft:drop":3,"minecraft:jump":115,"minecraft:walk_on_water_one_cm":162,"minecraft:time_since_death":4175,"minecraft:total_world_time":4175,"minecraft:swim_one_cm":1692,"minecraft:interact_with_crafting_table":2,"minecraft:fall_one_cm":3111,"minecraft:fly_one_cm":22276},"minecraft:crafted":{"minecraft:birch_planks":56,"minecraft:crafting_table":1,"minecraft:stick":8,"minecraft:wooden_pickaxe":1}},"DataVersion":3465}