{"stats":{"minecraft:killed_by":{"minecraft:husk":1},"minecraft:crafted":{"minecraft:oak_planks":76,"minecraft:stone_shovel":1,"minecraft:diamond_hoe":9,"comforts:sleeping_bag_white":1,"minecraft:furnace":1,"minecraft:acacia_fence_gate":2,"minecraft:bone_meal":90,"minecraft:raw_copper_block":11,"minecraft:cooked_mutton":2,"minecraft:diamond_helmet":1,"minecraft:diamond_leggings":1,"minecraft:iron_boots":4,"minecraft:iron_axe":1,"minecraft:stone_pickaxe":19,"minecraft:chest":4,"minecraft:diamond_boots":1,"mekanism:block_fluorite":17,"minecraft:redstone_block":9,"scalinghealth:power_crystal":1,"minecraft:cooked_beef":16,"minecraft:golden_axe":1,"minecraft:emerald":280,"minecraft:diamond_axe":2,"minecraft:crafting_table":7,"minecraft:acacia_slab":6,"minecraft:wooden_pickaxe":1,"minecraft:baked_potato":7,"minecraft:iron_sword":1,"minecraft:chainmail_chestplate":8,"minecraft:smithing_table":1,"minecraft:fletching_table":3,"scalinghealth:heart_crystal":1,"minecraft:bucket":2,"minecraft:stone_axe":2,"minecraft:enchanted_book":1,"minecraft:air":0,"minecraft:jungle_planks":4096,"minecraft:diamond_pickaxe":2,"minecraft:charcoal":2,"minecraft:shield":1,"minecraft:stick":8528,"minecraft:iron_ingot":96,"minecraft:iron_block":3,"minecraft:stone_sword":1,"minecraft:anvil":1,"minecraft:acacia_planks":372,"minecraft:torch":328,"minecraft:diamond_chestplate":1},"minecraft:picked_up":{"minecraft:cocoa_beans":8,"minecraft:charcoal":3,"minecraft:crafting_table":5,"mekanism:raw_uranium":26,"minecraft:smithing_table":1,"minecraft:wooden_pickaxe":1,"minecraft:oak_stairs":1,"minecraft:stone_brick_stairs":1,"minecraft:string":3,"minecraft:raw_copper":141,"minecraft:red_nether_bricks":7,"minecraft:cobbled_deepslate":188,"comforts:sleeping_bag_white":4,"minecraft:beef":18,"minecraft:rose_bush":1,"minecraft:calcite":8,"minecraft:jungle_sapling":46,"minecraft:iron_pickaxe":1,"minecraft:light_gray_wool":1,"minecraft:lectern":1,"minecraft:sugar_cane":9,"minecraft:furnace":2,"minecraft:egg":6,"minecraft:stick":68,"minecraft:raw_iron":196,"minecraft:composter":2,"minecraft:torch":4,"minecraft:acacia_log":93,"minecraft:porkchop":6,"tombstone:grave_dust":9,"minecraft:diorite":2,"minecraft:carrot":4,"minecraft:redstone":173,"mekanism:raw_tin":35,"minecraft:arrow":24,"minecraft:rotten_flesh":24,"minecraft:nether_bricks":7,"minecraft:mutton":20,"minecraft:iron_bars":6,"minecraft:white_wool":14,"minecraft:cobblestone":217,"minecraft:basalt":6,"minecraft:glow_ink_sac":4,"minecraft:jungle_log":1042,"minecraft:leather":12,"minecraft:smoker":1,"minecraft:potato":3,"minecraft:tuff":17,"minecraft:flint":6,"minecraft:oak_log":25,"minecraft:yellow_bed":3,"scalinghealth:heart_crystal":4,"minecraft:lapis_lazuli":94,"minecraft:dirt":38,"minecraft:cooked_mutton":3,"minecraft:bone":30,"minecraft:acacia_planks":7,"minecraft:raw_gold":71,"minecraft:gray_carpet":1,"minecraft:bow":2,"minecraft:wheat_seeds":9,"minecraft:bell":2,"minecraft:iron_ingot":8,"minecraft:grindstone":1,"minecraft:stone_pickaxe":2,"scalinghealth:power_crystal_shard":12,"minecraft:oak_planks":24,"minecraft:acacia_sapling":10,"minecraft:dark_oak_stairs":1,"minecraft:book":25,"minecraft:smooth_basalt":1,"scalinghealth:heart_crystal_shard":40,"minecraft:dark_oak_slab":1,"minecraft:stone_brick_slab":1,"minecraft:dandelion":3,"minecraft:gravel":48,"minecraft:amethyst_shard":64,"minecraft:blast_furnace":9,"minecraft:white_bed":5,"minecraft:nether_brick_slab":8,"minecraft:cyan_bed":3,"mekanism:raw_osmium":34,"minecraft:mossy_cobblestone":1,"minecraft:iron_helmet":1,"mekanism:fluorite_gem":246,"minecraft:granite":2,"scalinghealth:cursed_heart":1,"minecraft:baked_potato":9,"minecraft:netherrack":8,"minecraft:oak_sapling":8,"minecraft:acacia_slab":3,"minecraft:black_wool":1,"minecraft:dark_oak_fence":2,"majruszsdifficulty:tattered_chestplate":1,"minecraft:coal":230},"minecraft:dropped":{"minecraft:dark_oak_stairs":1,"minecraft:wheat_seeds":5,"minecraft:glow_ink_sac":4,"minecraft:mossy_cobblestone":1,"minecraft:dark_oak_slab":1,"minecraft:iron_helmet":2,"minecraft:cobblestone":8,"minecraft:coal":9,"minecraft:stick":3,"minecraft:dirt":6,"minecraft:diorite":2,"minecraft:rose_bush":1,"minecraft:iron_leggings":1,"minecraft:oak_stairs":1,"minecraft:string":3,"minecraft:gray_carpet":1,"minecraft:dandelion":1,"minecraft:stone_brick_slab":1,"minecraft:smooth_basalt":1,"majruszsdifficulty:tattered_chestplate":1,"minecraft:nether_brick_slab":8,"minecraft:tuff":2,"minecraft:raw_copper":4,"minecraft:cobbled_deepslate":1,"minecraft:cocoa_beans":8,"minecraft:diamond_hoe":4,"minecraft:rotten_flesh":22,"minecraft:grindstone":1,"minecraft:chainmail_chestplate":8,"minecraft:leather_chestplate":1,"minecraft:potato":1,"minecraft:oak_sapling":8,"minecraft:acacia_sapling":4,"minecraft:red_nether_bricks":7,"minecraft:iron_bars":6,"minecraft:bow":2,"minecraft:stone_pickaxe":20,"minecraft:wooden_pickaxe":1,"minecraft:calcite":3},"minecraft:killed":{"minecraft:spider":1,"majruszsdifficulty:illusioner":1,"minecraft:skeleton":22,"mekanismadditions:baby_skeleton":3,"minecraft:piglin_brute":13,"minecraft:magma_cube":1,"minecraft:husk":8,"minecraft:pig":5,"minecraft:sheep":14,"minecraft:zombie":8,"minecraft:cow":9,"minecraft:blaze":1},"minecraft:custom":{"lootr:looted_stat":22,"minecraft:interact_with_anvil":5,"minecraft:mob_kills":87,"minecraft:interact_with_crafting_table":43,"minecraft:bell_ring":20,"minecraft:eat_cake_slice":2,"minecraft:leave_game":5,"minecraft:time_since_death":204199,"minecraft:climb_one_cm":13769,"minecraft:sprint_one_cm":728821,"minecraft:walk_one_cm":413190,"minecraft:damage_blocked_by_shield":833,"minecraft:drop":81,"minecraft:talked_to_villager":128,"minecraft:play_time":231307,"minecraft:sneak_time":13492,"minecraft:deaths":1,"minecraft:walk_under_water_one_cm":3494,"minecraft:jump":5144,"minecraft:interact_with_blast_furnace":25,"minecraft:walk_on_water_one_cm":12858,"minecraft:total_world_time":231307,"minecraft:interact_with_furnace":10,"minecraft:traded_with_villager":328,"minecraft:interact_with_cartography_table":1,"minecraft:sleep_in_bed":13,"minecraft:time_since_rest":6054,"minecraft:waystone_activated":1,"minecraft:damage_taken":3657,"minecraft:damage_dealt":18662,"minecraft:swim_one_cm":13621,"minecraft:fly_one_cm":1054073,"minecraft:open_chest":89,"minecraft:crouch_one_cm":36880,"tombstone:undead_killed":41,"minecraft:fall_one_cm":164180,"minecraft:interact_with_smoker":18},"minecraft:broken":{"minecraft:golden_axe":1,"minecraft:iron_axe":1,"minecraft:stone_axe":1,"minecraft:iron_sword":1},"minecraft:mined":{"minecraft:tuff":19,"minecraft:white_bed":5,"minecraft:mossy_cobblestone":1,"minecraft:jungle_leaves":255,"mekanism:deepslate_osmium_ore":9,"minecraft:nether_bricks":7,"minecraft:granite":2,"minecraft:dark_oak_fence":3,"minecraft:acacia_log":94,"minecraft:grass_block":19,"minecraft:jungle_log":1045,"minecraft:acacia_slab":3,"minecraft:composter":2,"minecraft:spawner":5,"minecraft:redstone_ore":1,"minecraft:furnace":2,"minecraft:carrots":1,"minecraft:jungle_sapling":1,"minecraft:cobbled_deepslate":2,"minecraft:iron_ore":99,"minecraft:fire":36,"minecraft:deepslate_lapis_ore":10,"minecraft:dark_oak_stairs":1,"minecraft:bell":2,"minecraft:bookshelf":8,"minecraft:deepslate_iron_ore":36,"minecraft:vine":47,"scalinghealth:deepslate_power_crystal_ore":11,"minecraft:oak_stairs":1,"minecraft:stone":194,"scalinghealth:heart_crystal_ore":5,"minecraft:smithing_table":1,"minecraft:deepslate_redstone_ore":33,"minecraft:acacia_leaves":19,"mekanism:osmium_ore":13,"minecraft:amethyst_cluster":11,"scalinghealth:deepslate_heart_crystal_ore":15,"minecraft:smoker":1,"minecraft:basalt":6,"minecraft:stone_brick_slab":1,"minecraft:dandelion":2,"minecraft:crafting_table":5,"minecraft:torch":1,"minecraft:blast_furnace":9,"minecraft:calcite":6,"mekanism:tin_ore":9,"minecraft:lectern":1,"minecraft:copper_ore":16,"minecraft:cobblestone":8,"minecraft:deepslate_coal_ore":4,"minecraft:deepslate_gold_ore":41,"minecraft:cyan_bed":3,"minecraft:grindstone":1,"minecraft:oak_planks":6,"minecraft:sugar_cane":4,"minecraft:amethyst_block":3,"minecraft:diorite":6,"minecraft:deepslate_copper_ore":7,"minecraft:acacia_sapling":2,"minecraft:dark_oak_slab":1,"mekanism:fluorite_ore":4,"minecraft:yellow_bed":3,"minecraft:stone_brick_stairs":1,"minecraft:grass":20,"mekanism:deepslate_tin_ore":14,"minecraft:oak_log":26,"minecraft:coal_ore":175,"mekanism:deepslate_fluorite_ore":40,"minecraft:gravel":54,"minecraft:dirt":21,"minecraft:smooth_basalt":1,"mekanism:deepslate_uranium_ore":16,"minecraft:acacia_planks":7,"minecraft:netherrack":8,"minecraft:deepslate":199},"minecraft:used":{"minecraft:stone_sword":56,"minecraft:stone_shovel":54,"minecraft:chest":4,"minecraft:shield":33,"minecraft:iron_sword":301,"minecraft:bell":2,"minecraft:netherrack":8,"minecraft:torch":258,"minecraft:dirt":18,"minecraft:anvil":1,"scalinghealth:heart_crystal":7,"minecraft:chainmail_chestplate":1,"minecraft:nether_bricks":7,"minecraft:carrot":2,"minecraft:acacia_sapling":4,"minecraft:jungle_sapling":42,"minecraft:lava_bucket":1,"minecraft:iron_axe":251,"minecraft:acacia_slab":5,"minecraft:jungle_log":18,"scalinghealth:power_crystal":1,"minecraft:basalt":6,"minecraft:furnace":2,"tombstone:gift":1,"minecraft:egg":5,"comforts:sleeping_bag_white":4,"minecraft:cobbled_deepslate":15,"minecraft:cooked_beef":14,"minecraft:acacia_planks":97,"minecraft:golden_axe":32,"minecraft:calcite":5,"minecraft:cooked_mutton":5,"minecraft:water_bucket":1,"minecraft:diamond_boots":1,"minecraft:stone_pickaxe":14,"minecraft:baked_potato":16,"minecraft:oak_planks":3,"minecraft:wooden_pickaxe":14,"minecraft:leather_chestplate":1,"minecraft:diamond_axe":889,"minecraft:fletching_table":2,"minecraft:blast_furnace":4,"minecraft:crafting_table":10,"scalinghealth:cursed_heart":1,"minecraft:white_bed":5,"minecraft:smoker":1,"minecraft:oak_log":1,"minecraft:diamond_pickaxe":903,"minecraft:cyan_bed":2,"minecraft:iron_pickaxe":135,"minecraft:gravel":17,"minecraft:acacia_fence_gate":2,"minecraft:stone_axe":173,"minecraft:cobblestone":52,"minecraft:smithing_table":2,"minecraft:bucket":3,"minecraft:pumpkin_pie":16,"minecraft:yellow_bed":3,"minecraft:bone_meal":61}},"DataVersion":3465}