{"stats":{"minecraft:picked_up":{"minecraft:charcoal":3,"minecraft:crafting_table":4,"minecraft:smithing_table":1,"minecraft:wooden_pickaxe":1,"minecraft:stone_brick_stairs":1,"minecraft:raw_copper":38,"minecraft:red_nether_bricks":7,"minecraft:cobbled_deepslate":11,"comforts:sleeping_bag_white":1,"minecraft:beef":18,"minecraft:rose_bush":1,"minecraft:calcite":8,"minecraft:jungle_sapling":25,"minecraft:iron_pickaxe":1,"minecraft:light_gray_wool":1,"minecraft:lectern":1,"minecraft:sugar_cane":9,"minecraft:furnace":2,"minecraft:egg":6,"minecraft:stick":32,"minecraft:raw_iron":133,"minecraft:composter":2,"minecraft:torch":3,"minecraft:acacia_log":93,"minecraft:porkchop":6,"tombstone:grave_dust":9,"minecraft:diorite":2,"minecraft:carrot":4,"minecraft:redstone":40,"mekanism:raw_tin":12,"minecraft:arrow":23,"minecraft:rotten_flesh":15,"minecraft:nether_bricks":7,"minecraft:mutton":20,"minecraft:iron_bars":6,"minecraft:white_wool":14,"minecraft:cobblestone":213,"minecraft:basalt":6,"minecraft:jungle_log":582,"minecraft:leather":12,"minecraft:smoker":1,"minecraft:potato":3,"minecraft:flint":6,"minecraft:oak_log":25,"minecraft:yellow_bed":3,"scalinghealth:heart_crystal":3,"minecraft:lapis_lazuli":53,"minecraft:dirt":38,"minecraft:cooked_mutton":3,"minecraft:bone":27,"minecraft:acacia_planks":7,"minecraft:gray_carpet":1,"minecraft:bow":1,"minecraft:wheat_seeds":9,"minecraft:bell":2,"minecraft:iron_ingot":8,"minecraft:grindstone":1,"minecraft:stone_pickaxe":2,"scalinghealth:power_crystal_shard":9,"minecraft:oak_planks":24,"minecraft:acacia_sapling":10,"minecraft:dark_oak_stairs":1,"minecraft:book":24,"scalinghealth:heart_crystal_shard":15,"minecraft:dark_oak_slab":1,"minecraft:stone_brick_slab":1,"minecraft:dandelion":2,"minecraft:gravel":48,"minecraft:blast_furnace":9,"minecraft:white_bed":5,"minecraft:nether_brick_slab":8,"minecraft:cyan_bed":3,"mekanism:raw_osmium":13,"minecraft:mossy_cobblestone":1,"mekanism:fluorite_gem":22,"minecraft:granite":2,"scalinghealth:cursed_heart":1,"minecraft:baked_potato":9,"minecraft:netherrack":8,"minecraft:oak_sapling":1,"minecraft:acacia_slab":3,"minecraft:black_wool":1,"minecraft:dark_oak_fence":2,"majruszsdifficulty:tattered_chestplate":1,"minecraft:coal":207},"minecraft:broken":{"minecraft:golden_axe":1,"minecraft:iron_axe":1,"minecraft:stone_axe":1,"minecraft:iron_sword":1},"minecraft:dropped":{"minecraft:dark_oak_stairs":1,"minecraft:wheat_seeds":5,"minecraft:mossy_cobblestone":1,"minecraft:dark_oak_slab":1,"minecraft:cobblestone":8,"minecraft:coal":9,"minecraft:stick":3,"minecraft:dirt":6,"minecraft:diorite":2,"minecraft:rose_bush":1,"minecraft:gray_carpet":1,"minecraft:stone_brick_slab":1,"majruszsdifficulty:tattered_chestplate":1,"minecraft:nether_brick_slab":8,"minecraft:diamond_hoe":4,"minecraft:rotten_flesh":13,"minecraft:grindstone":1,"minecraft:chainmail_chestplate":7,"minecraft:leather_chestplate":1,"minecraft:potato":1,"minecraft:oak_sapling":1,"minecraft:acacia_sapling":4,"minecraft:red_nether_bricks":7,"minecraft:iron_bars":6,"minecraft:bow":1,"minecraft:stone_pickaxe":20,"minecraft:wooden_pickaxe":1,"minecraft:calcite":3},"minecraft:killed_by":{"minecraft:husk":1},"minecraft:mined":{"minecraft:white_bed":5,"minecraft:mossy_cobblestone":1,"minecraft:jungle_leaves":128,"mekanism:deepslate_osmium_ore":3,"minecraft:nether_bricks":7,"minecraft:granite":2,"minecraft:dark_oak_fence":3,"minecraft:acacia_log":94,"minecraft:grass_block":19,"minecraft:jungle_log":585,"minecraft:acacia_slab":3,"minecraft:composter":2,"minecraft:spawner":5,"minecraft:redstone_ore":1,"minecraft:furnace":2,"minecraft:carrots":1,"minecraft:iron_ore":81,"minecraft:fire":26,"minecraft:deepslate_lapis_ore":6,"minecraft:dark_oak_stairs":1,"minecraft:bell":2,"minecraft:bookshelf":8,"minecraft:deepslate_iron_ore":18,"minecraft:vine":20,"scalinghealth:deepslate_power_crystal_ore":9,"minecraft:stone":190,"scalinghealth:heart_crystal_ore":5,"minecraft:smithing_table":1,"minecraft:deepslate_redstone_ore":7,"minecraft:acacia_leaves":19,"mekanism:osmium_ore":8,"minecraft:smoker":1,"minecraft:basalt":6,"minecraft:stone_brick_slab":1,"minecraft:dandelion":2,"minecraft:crafting_table":4,"minecraft:torch":1,"minecraft:blast_furnace":9,"minecraft:calcite":6,"mekanism:tin_ore":9,"minecraft:lectern":1,"minecraft:copper_ore":10,"minecraft:cobblestone":8,"minecraft:cyan_bed":3,"minecraft:grindstone":1,"minecraft:oak_planks":6,"minecraft:sugar_cane":4,"minecraft:diorite":6,"minecraft:acacia_sapling":2,"minecraft:dark_oak_slab":1,"mekanism:fluorite_ore":4,"minecraft:yellow_bed":3,"minecraft:stone_brick_stairs":1,"minecraft:grass":19,"minecraft:oak_log":26,"minecraft:coal_ore":165,"minecraft:gravel":54,"minecraft:dirt":21,"minecraft:acacia_planks":7,"minecraft:netherrack":8,"minecraft:deepslate":11},"minecraft:killed":{"minecraft:skeleton":17,"mekanismadditions:baby_skeleton":3,"minecraft:piglin_brute":13,"minecraft:magma_cube":1,"minecraft:husk":8,"minecraft:pig":5,"minecraft:sheep":14,"minecraft:zombie":6,"minecraft:cow":9,"minecraft:blaze":1},"minecraft:used":{"minecraft:stone_sword":56,"minecraft:stone_shovel":54,"minecraft:chest":4,"minecraft:shield":23,"minecraft:iron_sword":256,"minecraft:bell":2,"minecraft:netherrack":8,"minecraft:torch":130,"minecraft:dirt":18,"scalinghealth:heart_crystal":6,"minecraft:chainmail_chestplate":1,"minecraft:nether_bricks":7,"minecraft:carrot":2,"minecraft:acacia_sapling":4,"minecraft:jungle_sapling":25,"minecraft:lava_bucket":1,"minecraft:iron_axe":251,"minecraft:acacia_slab":5,"minecraft:jungle_log":10,"scalinghealth:power_crystal":1,"minecraft:basalt":6,"minecraft:furnace":2,"tombstone:gift":1,"minecraft:egg":5,"comforts:sleeping_bag_white":1,"minecraft:cooked_beef":9,"minecraft:acacia_planks":97,"minecraft:golden_axe":32,"minecraft:calcite":5,"minecraft:cooked_mutton":5,"minecraft:diamond_boots":1,"minecraft:stone_pickaxe":14,"minecraft:baked_potato":16,"minecraft:oak_planks":3,"minecraft:wooden_pickaxe":14,"minecraft:leather_chestplate":1,"minecraft:diamond_axe":378,"minecraft:fletching_table":2,"minecraft:blast_furnace":4,"minecraft:crafting_table":9,"scalinghealth:cursed_heart":1,"minecraft:white_bed":5,"minecraft:smoker":1,"minecraft:oak_log":1,"minecraft:diamond_pickaxe":443,"minecraft:cyan_bed":2,"minecraft:iron_pickaxe":129,"minecraft:gravel":17,"minecraft:acacia_fence_gate":2,"minecraft:stone_axe":173,"minecraft:cobblestone":52,"minecraft:smithing_table":2,"minecraft:bucket":1,"minecraft:pumpkin_pie":16,"minecraft:yellow_bed":3,"minecraft:bone_meal":45},"minecraft:custom":{"lootr:looted_stat":22,"minecraft:interact_with_anvil":1,"minecraft:mob_kills":78,"minecraft:interact_with_crafting_table":37,"minecraft:bell_ring":20,"minecraft:eat_cake_slice":2,"minecraft:leave_game":4,"minecraft:time_since_death":148837,"minecraft:climb_one_cm":12062,"minecraft:sprint_one_cm":613267,"minecraft:walk_one_cm":322142,"minecraft:damage_blocked_by_shield":568,"minecraft:drop":60,"minecraft:talked_to_villager":93,"minecraft:play_time":175945,"minecraft:sneak_time":8835,"minecraft:deaths":1,"minecraft:walk_under_water_one_cm":2412,"minecraft:jump":4206,"minecraft:interact_with_blast_furnace":17,"minecraft:walk_on_water_one_cm":7801,"minecraft:total_world_time":175945,"minecraft:interact_with_furnace":10,"minecraft:traded_with_villager":211,"minecraft:interact_with_cartography_table":1,"minecraft:sleep_in_bed":9,"minecraft:time_since_rest":5230,"minecraft:waystone_activated":1,"minecraft:damage_taken":3254,"minecraft:damage_dealt":15895,"minecraft:swim_one_cm":8894,"minecraft:fly_one_cm":898562,"minecraft:open_chest":68,"minecraft:crouch_one_cm":25854,"tombstone:undead_killed":34,"minecraft:fall_one_cm":130813,"minecraft:interact_with_smoker":15},"minecraft:crafted":{"minecraft:oak_planks":76,"minecraft:stone_shovel":1,"minecraft:diamond_hoe":9,"comforts:sleeping_bag_white":1,"minecraft:furnace":1,"minecraft:acacia_fence_gate":2,"minecraft:bone_meal":45,"minecraft:cooked_mutton":2,"minecraft:iron_boots":4,"minecraft:iron_axe":1,"minecraft:stone_pickaxe":19,"minecraft:chest":4,"minecraft:diamond_boots":1,"scalinghealth:power_crystal":1,"minecraft:cooked_beef":16,"minecraft:golden_axe":1,"minecraft:emerald":167,"minecraft:diamond_axe":2,"minecraft:crafting_table":7,"minecraft:acacia_slab":6,"minecraft:wooden_pickaxe":1,"minecraft:baked_potato":7,"minecraft:iron_sword":1,"minecraft:chainmail_chestplate":8,"minecraft:smithing_table":1,"minecraft:fletching_table":3,"scalinghealth:heart_crystal":1,"minecraft:bucket":1,"minecraft:stone_axe":2,"minecraft:air":0,"minecraft:jungle_planks":2288,"minecraft:diamond_pickaxe":2,"minecraft:charcoal":2,"minecraft:shield":1,"minecraft:stick":4988,"minecraft:iron_ingot":48,"minecraft:iron_block":2,"minecraft:stone_sword":1,"minecraft:acacia_planks":372,"minecraft:torch":176}},"DataVersion":3465}