{"stats":{"minecraft:picked_up":{"minecraft:charcoal":3,"minecraft:crafting_table":2,"minecraft:leather":12,"minecraft:wooden_pickaxe":1,"minecraft:smoker":1,"minecraft:potato":2,"minecraft:oak_log":16,"scalinghealth:heart_crystal":1,"minecraft:dirt":6,"minecraft:red_nether_bricks":7,"minecraft:cooked_mutton":3,"minecraft:bone":15,"minecraft:gray_carpet":1,"minecraft:wheat_seeds":3,"minecraft:beef":18,"minecraft:rose_bush":1,"minecraft:calcite":8,"minecraft:light_gray_wool":1,"minecraft:iron_pickaxe":1,"minecraft:sugar_cane":9,"minecraft:oak_planks":10,"minecraft:dark_oak_stairs":1,"minecraft:egg":1,"minecraft:furnace":2,"minecraft:book":24,"minecraft:stick":3,"minecraft:dark_oak_slab":1,"scalinghealth:heart_crystal_shard":7,"minecraft:torch":1,"minecraft:acacia_log":2,"minecraft:porkchop":6,"minecraft:blast_furnace":8,"tombstone:grave_dust":7,"minecraft:diorite":1,"minecraft:nether_brick_slab":8,"minecraft:cyan_bed":2,"minecraft:arrow":9,"minecraft:rotten_flesh":8,"scalinghealth:cursed_heart":1,"minecraft:baked_potato":9,"minecraft:oak_sapling":1,"minecraft:black_wool":1,"minecraft:dark_oak_fence":2,"minecraft:mutton":17,"minecraft:iron_bars":6,"minecraft:white_wool":9,"minecraft:cobblestone":32},"minecraft:dropped":{"minecraft:nether_brick_slab":8,"minecraft:dark_oak_stairs":1,"minecraft:wheat_seeds":3,"minecraft:dark_oak_slab":1,"minecraft:rotten_flesh":8,"minecraft:cobblestone":8,"minecraft:coal":9,"minecraft:stick":3,"minecraft:dirt":6,"minecraft:diorite":1,"minecraft:rose_bush":1,"minecraft:oak_sapling":1,"minecraft:red_nether_bricks":7,"minecraft:iron_bars":6,"minecraft:wooden_pickaxe":1,"minecraft:calcite":3,"minecraft:gray_carpet":1},"minecraft:killed_by":{"minecraft:husk":1},"minecraft:mined":{"minecraft:smoker":1,"minecraft:crafting_table":2,"minecraft:torch":1,"minecraft:dark_oak_fence":3,"minecraft:blast_furnace":8,"minecraft:acacia_log":2,"minecraft:grass_block":2,"minecraft:calcite":6,"minecraft:cobblestone":3,"minecraft:cyan_bed":2,"minecraft:sugar_cane":4,"minecraft:diorite":1,"minecraft:spawner":5,"minecraft:dark_oak_slab":1,"minecraft:furnace":2,"minecraft:dark_oak_stairs":1,"minecraft:grass":3,"minecraft:bookshelf":8,"minecraft:oak_log":16,"minecraft:dirt":4,"minecraft:stone":24},"minecraft:killed":{"minecraft:husk":7,"minecraft:pig":5,"minecraft:sheep":11,"minecraft:skeleton":8,"minecraft:piglin_brute":13,"minecraft:cow":9},"minecraft:custom":{"lootr:looted_stat":19,"minecraft:interact_with_furnace":10,"minecraft:mob_kills":53,"minecraft:interact_with_anvil":1,"minecraft:interact_with_cartography_table":1,"minecraft:interact_with_crafting_table":15,"minecraft:leave_game":2,"minecraft:time_since_death":13497,"minecraft:sleep_in_bed":1,"minecraft:climb_one_cm":10046,"minecraft:time_since_rest":13167,"minecraft:waystone_activated":1,"minecraft:sprint_one_cm":185208,"minecraft:damage_taken":1428,"minecraft:walk_one_cm":106373,"minecraft:damage_blocked_by_shield":63,"minecraft:drop":18,"minecraft:damage_dealt":8705,"minecraft:talked_to_villager":1,"minecraft:fly_one_cm":195568,"minecraft:open_chest":6,"minecraft:crouch_one_cm":2264,"minecraft:play_time":40605,"tombstone:undead_killed":15,"minecraft:deaths":1,"minecraft:sneak_time":1576,"minecraft:jump":865,"minecraft:walk_on_water_one_cm":947,"minecraft:interact_with_smoker":10,"minecraft:total_world_time":40605,"minecraft:fall_one_cm":23644},"minecraft:used":{"minecraft:calcite":5,"minecraft:cooked_mutton":5,"minecraft:stone_sword":56,"minecraft:stone_pickaxe":14,"minecraft:baked_potato":9,"minecraft:leather_chestplate":1,"minecraft:shield":3,"minecraft:chest":2,"minecraft:wooden_pickaxe":14,"minecraft:iron_sword":150,"minecraft:torch":7,"scalinghealth:heart_crystal":1,"minecraft:crafting_table":3,"minecraft:blast_furnace":1,"scalinghealth:cursed_heart":1,"minecraft:iron_pickaxe":24,"minecraft:stone_axe":35,"minecraft:furnace":2,"tombstone:gift":1,"minecraft:egg":1},"minecraft:crafted":{"minecraft:oak_planks":44,"minecraft:crafting_table":1,"minecraft:wooden_pickaxe":1,"minecraft:baked_potato":7,"minecraft:furnace":1,"minecraft:stone_axe":1,"minecraft:cooked_mutton":2,"minecraft:air":0,"minecraft:charcoal":2,"minecraft:shield":1,"minecraft:iron_axe":1,"minecraft:stick":16,"minecraft:stone_pickaxe":1,"minecraft:stone_sword":1,"minecraft:chest":2,"minecraft:acacia_planks":8,"minecraft:torch":8}},"DataVersion":3465}