{"stats":{"minecraft:picked_up":{"minecraft:crafting_table":1,"minecraft:oak_log":11,"minecraft:light_gray_wool":1,"minecraft:sugar_cane":8,"minecraft:white_wool":2,"minecraft:mutton":5,"minecraft:cobblestone":14},"minecraft:mined":{"minecraft:oak_log":11,"minecraft:stone":14,"minecraft:sugar_cane":4,"minecraft:crafting_table":1},"minecraft:killed":{"minecraft:sheep":3},"minecraft:used":{"minecraft:stone_axe":11,"minecraft:crafting_table":1,"minecraft:wooden_pickaxe":14},"minecraft:custom":{"minecraft:time_since_rest":5078,"minecraft:crouch_one_cm":1274,"minecraft:play_time":5078,"minecraft:sprint_one_cm":19864,"minecraft:damage_taken":10,"minecraft:walk_one_cm":3824,"minecraft:sneak_time":636,"minecraft:mob_kills":3,"minecraft:jump":146,"minecraft:damage_dealt":240,"minecraft:time_since_death":5078,"minecraft:walk_on_water_one_cm":387,"minecraft:total_world_time":5078,"minecraft:interact_with_crafting_table":3,"minecraft:fall_one_cm":6048,"minecraft:fly_one_cm":36274},"minecraft:crafted":{"minecraft:stone_sword":1,"minecraft:oak_planks":44,"minecraft:stone_axe":1,"minecraft:crafting_table":1,"minecraft:stick":8,"minecraft:wooden_pickaxe":1,"minecraft:stone_pickaxe":1}},"DataVersion":3465}