{"stats":{"minecraft:picked_up":{"minecraft:charcoal":3,"minecraft:crafting_table":4,"minecraft:smithing_table":1,"minecraft:wooden_pickaxe":1,"minecraft:stone_brick_stairs":1,"minecraft:raw_copper":38,"minecraft:red_nether_bricks":7,"comforts:sleeping_bag_white":1,"minecraft:beef":18,"minecraft:jungle_sapling":25,"minecraft:rose_bush":1,"minecraft:calcite":8,"minecraft:iron_pickaxe":1,"minecraft:light_gray_wool":1,"minecraft:lectern":1,"minecraft:sugar_cane":9,"minecraft:furnace":2,"minecraft:egg":6,"minecraft:raw_iron":10,"minecraft:stick":32,"minecraft:composter":2,"minecraft:torch":3,"minecraft:acacia_log":93,"minecraft:porkchop":6,"tombstone:grave_dust":7,"minecraft:diorite":1,"minecraft:carrot":4,"mekanism:raw_tin":3,"minecraft:arrow":10,"minecraft:rotten_flesh":8,"minecraft:nether_bricks":7,"minecraft:mutton":20,"minecraft:iron_bars":6,"minecraft:white_wool":14,"minecraft:cobblestone":73,"minecraft:basalt":6,"minecraft:jungle_log":582,"minecraft:leather":12,"minecraft:smoker":1,"minecraft:potato":2,"minecraft:flint":6,"minecraft:oak_log":25,"minecraft:yellow_bed":3,"scalinghealth:heart_crystal":1,"minecraft:dirt":30,"minecraft:cooked_mutton":3,"minecraft:bone":16,"minecraft:acacia_planks":7,"minecraft:gray_carpet":1,"minecraft:wheat_seeds":9,"minecraft:iron_ingot":8,"minecraft:bell":2,"minecraft:stone_pickaxe":2,"minecraft:grindstone":1,"minecraft:oak_planks":24,"minecraft:acacia_sapling":10,"minecraft:dark_oak_stairs":1,"minecraft:book":24,"scalinghealth:heart_crystal_shard":7,"minecraft:dark_oak_slab":1,"minecraft:stone_brick_slab":1,"minecraft:dandelion":2,"minecraft:gravel":48,"minecraft:blast_furnace":9,"minecraft:white_bed":5,"minecraft:nether_brick_slab":8,"minecraft:cyan_bed":3,"mekanism:raw_osmium":3,"minecraft:mossy_cobblestone":1,"scalinghealth:cursed_heart":1,"minecraft:coal":153,"minecraft:baked_potato":9,"minecraft:acacia_slab":3,"minecraft:oak_sapling":1,"minecraft:black_wool":1,"minecraft:netherrack":8,"minecraft:dark_oak_fence":2},"minecraft:broken":{"minecraft:golden_axe":1,"minecraft:iron_axe":1,"minecraft:stone_axe":1},"minecraft:dropped":{"minecraft:dark_oak_stairs":1,"minecraft:wheat_seeds":5,"minecraft:mossy_cobblestone":1,"minecraft:dark_oak_slab":1,"minecraft:cobblestone":8,"minecraft:coal":9,"minecraft:stick":3,"minecraft:dirt":6,"minecraft:diorite":1,"minecraft:rose_bush":1,"minecraft:gray_carpet":1,"minecraft:stone_brick_slab":1,"minecraft:nether_brick_slab":8,"minecraft:diamond_hoe":4,"minecraft:rotten_flesh":8,"minecraft:grindstone":1,"minecraft:acacia_sapling":4,"minecraft:oak_sapling":1,"minecraft:iron_bars":6,"minecraft:red_nether_bricks":7,"minecraft:stone_pickaxe":20,"minecraft:wooden_pickaxe":1,"minecraft:calcite":3},"minecraft:killed_by":{"minecraft:husk":1},"minecraft:mined":{"minecraft:white_bed":5,"minecraft:mossy_cobblestone":1,"minecraft:jungle_leaves":128,"minecraft:nether_bricks":7,"minecraft:dark_oak_fence":3,"minecraft:acacia_log":94,"minecraft:grass_block":18,"minecraft:jungle_log":585,"minecraft:acacia_slab":3,"minecraft:composter":2,"minecraft:spawner":5,"minecraft:furnace":2,"minecraft:carrots":1,"minecraft:iron_ore":10,"minecraft:dark_oak_stairs":1,"minecraft:bell":2,"minecraft:bookshelf":8,"minecraft:vine":20,"minecraft:stone":58,"minecraft:smithing_table":1,"minecraft:acacia_leaves":19,"mekanism:osmium_ore":3,"minecraft:smoker":1,"minecraft:basalt":6,"minecraft:stone_brick_slab":1,"minecraft:dandelion":2,"minecraft:crafting_table":4,"minecraft:torch":1,"minecraft:blast_furnace":9,"minecraft:calcite":6,"mekanism:tin_ore":2,"minecraft:copper_ore":10,"minecraft:lectern":1,"minecraft:cobblestone":8,"minecraft:cyan_bed":3,"minecraft:grindstone":1,"minecraft:sugar_cane":4,"minecraft:oak_planks":6,"minecraft:diorite":1,"minecraft:acacia_sapling":2,"minecraft:dark_oak_slab":1,"minecraft:yellow_bed":3,"minecraft:stone_brick_stairs":1,"minecraft:grass":19,"minecraft:coal_ore":129,"minecraft:oak_log":26,"minecraft:gravel":54,"minecraft:dirt":14,"minecraft:acacia_planks":7,"minecraft:netherrack":8},"minecraft:killed":{"minecraft:skeleton":10,"minecraft:piglin_brute":13,"minecraft:magma_cube":1,"minecraft:husk":7,"minecraft:pig":5,"minecraft:sheep":14,"minecraft:blaze":1,"minecraft:cow":9},"minecraft:used":{"minecraft:stone_sword":56,"minecraft:stone_shovel":54,"minecraft:chest":4,"minecraft:shield":10,"minecraft:iron_sword":170,"minecraft:bell":2,"minecraft:netherrack":8,"minecraft:torch":34,"minecraft:dirt":18,"scalinghealth:heart_crystal":3,"minecraft:nether_bricks":7,"minecraft:carrot":2,"minecraft:acacia_sapling":4,"minecraft:jungle_sapling":25,"minecraft:lava_bucket":1,"minecraft:iron_axe":251,"minecraft:acacia_slab":5,"minecraft:jungle_log":10,"minecraft:basalt":6,"minecraft:furnace":2,"tombstone:gift":1,"comforts:sleeping_bag_white":1,"minecraft:egg":5,"minecraft:cooked_beef":4,"minecraft:acacia_planks":97,"minecraft:golden_axe":32,"minecraft:calcite":5,"minecraft:cooked_mutton":5,"minecraft:stone_pickaxe":14,"minecraft:baked_potato":16,"minecraft:oak_planks":3,"minecraft:wooden_pickaxe":14,"minecraft:leather_chestplate":1,"minecraft:diamond_axe":366,"minecraft:fletching_table":2,"minecraft:crafting_table":9,"scalinghealth:cursed_heart":1,"minecraft:blast_furnace":4,"minecraft:white_bed":5,"minecraft:smoker":1,"minecraft:oak_log":1,"minecraft:diamond_pickaxe":117,"minecraft:cyan_bed":2,"minecraft:iron_pickaxe":129,"minecraft:gravel":17,"minecraft:acacia_fence_gate":2,"minecraft:stone_axe":173,"minecraft:cobblestone":8,"minecraft:smithing_table":2,"minecraft:bucket":1,"minecraft:yellow_bed":3,"minecraft:pumpkin_pie":16,"minecraft:bone_meal":45},"minecraft:custom":{"lootr:looted_stat":22,"minecraft:interact_with_anvil":1,"minecraft:mob_kills":60,"minecraft:interact_with_crafting_table":32,"minecraft:bell_ring":20,"minecraft:eat_cake_slice":2,"minecraft:leave_game":2,"minecraft:time_since_death":121497,"minecraft:climb_one_cm":12062,"minecraft:sprint_one_cm":527118,"minecraft:walk_one_cm":276746,"minecraft:damage_blocked_by_shield":213,"minecraft:drop":47,"minecraft:talked_to_villager":84,"minecraft:play_time":148605,"minecraft:deaths":1,"minecraft:sneak_time":7909,"minecraft:walk_under_water_one_cm":591,"minecraft:jump":3453,"minecraft:interact_with_blast_furnace":7,"minecraft:walk_on_water_one_cm":2648,"minecraft:total_world_time":148605,"minecraft:interact_with_furnace":10,"minecraft:traded_with_villager":198,"minecraft:interact_with_cartography_table":1,"minecraft:sleep_in_bed":7,"minecraft:time_since_rest":11198,"minecraft:waystone_activated":1,"minecraft:damage_taken":2576,"minecraft:damage_dealt":10217,"minecraft:swim_one_cm":5202,"minecraft:fly_one_cm":777647,"minecraft:open_chest":52,"minecraft:crouch_one_cm":22216,"tombstone:undead_killed":17,"minecraft:interact_with_smoker":14,"minecraft:fall_one_cm":111386},"minecraft:crafted":{"minecraft:oak_planks":76,"minecraft:stone_shovel":1,"minecraft:diamond_hoe":9,"comforts:sleeping_bag_white":1,"minecraft:furnace":1,"minecraft:acacia_fence_gate":2,"minecraft:bone_meal":45,"minecraft:cooked_mutton":2,"minecraft:iron_boots":4,"minecraft:iron_axe":1,"minecraft:stone_pickaxe":19,"minecraft:chest":4,"minecraft:cooked_beef":16,"minecraft:golden_axe":1,"minecraft:emerald":163,"minecraft:diamond_axe":2,"minecraft:crafting_table":7,"minecraft:acacia_slab":6,"minecraft:wooden_pickaxe":1,"minecraft:baked_potato":7,"minecraft:smithing_table":1,"minecraft:fletching_table":3,"minecraft:bucket":1,"minecraft:stone_axe":2,"minecraft:air":0,"minecraft:jungle_planks":2288,"minecraft:diamond_pickaxe":2,"minecraft:charcoal":2,"minecraft:shield":1,"minecraft:iron_ingot":7,"minecraft:stick":4968,"minecraft:stone_sword":1,"minecraft:acacia_planks":372,"minecraft:torch":52}},"DataVersion":3465}