{"stats":{"minecraft:picked_up":{"minecraft:rotten_flesh":1,"minecraft:wheat_seeds":2,"minecraft:sand":3,"minecraft:spruce_log":1},"minecraft:custom":{"minecraft:time_since_rest":3671,"minecraft:play_time":3671,"minecraft:sprint_one_cm":4658,"minecraft:damage_taken":50,"minecraft:walk_one_cm":2520,"minecraft:mob_kills":1,"minecraft:drop":3,"minecraft:jump":48,"minecraft:damage_dealt":197,"minecraft:leave_game":1,"minecraft:time_since_death":3671,"minecraft:total_world_time":3671,"minecraft:fly_one_cm":9109,"minecraft:fall_one_cm":1254},"minecraft:mined":{"minecraft:sand":3,"minecraft:spruce_log":1,"minecraft:fern":5},"minecraft:dropped":{"minecraft:rotten_flesh":1,"minecraft:sand":1,"minecraft:wheat_seeds":2},"minecraft:killed":{"minecraft:zombie":1},"minecraft:used":{"minecraft:sand":2,"minecraft:spruce_planks":4},"minecraft:crafted":{"minecraft:spruce_planks":4}},"DataVersion":3465}