{"stats":{"minecraft:picked_up":{"minecraft:charcoal":3,"minecraft:crafting_table":2,"minecraft:wooden_pickaxe":1,"minecraft:oak_log":16,"minecraft:dirt":6,"minecraft:cooked_mutton":3,"minecraft:iron_pickaxe":1,"minecraft:light_gray_wool":1,"minecraft:sugar_cane":9,"minecraft:oak_planks":10,"minecraft:mutton":5,"minecraft:white_wool":2,"minecraft:cobblestone":24,"minecraft:furnace":2},"minecraft:dropped":{"minecraft:wooden_pickaxe":1},"minecraft:mined":{"minecraft:furnace":2,"minecraft:crafting_table":2,"minecraft:grass":1,"minecraft:grass_block":2,"minecraft:oak_log":16,"minecraft:dirt":4,"minecraft:stone":24,"minecraft:sugar_cane":4,"minecraft:spawner":1},"minecraft:killed":{"minecraft:sheep":3,"minecraft:piglin_brute":13},"minecraft:used":{"minecraft:cooked_mutton":4,"minecraft:stone_sword":56,"minecraft:stone_pickaxe":14,"minecraft:baked_potato":1,"minecraft:wooden_pickaxe":14,"minecraft:torch":6,"minecraft:stone_axe":17,"minecraft:crafting_table":2,"minecraft:furnace":2},"minecraft:custom":{"minecraft:time_since_rest":4354,"lootr:looted_stat":2,"minecraft:interact_with_furnace":9,"minecraft:sprint_one_cm":76208,"minecraft:damage_taken":320,"minecraft:walk_one_cm":33865,"minecraft:interact_with_anvil":1,"minecraft:mob_kills":16,"minecraft:drop":1,"minecraft:damage_dealt":2243,"minecraft:interact_with_crafting_table":6,"minecraft:fly_one_cm":78896,"minecraft:crouch_one_cm":1435,"minecraft:play_time":17014,"minecraft:sneak_time":1150,"minecraft:jump":365,"minecraft:leave_game":1,"minecraft:sleep_in_bed":1,"minecraft:walk_on_water_one_cm":607,"minecraft:time_since_death":17014,"minecraft:climb_one_cm":5319,"minecraft:interact_with_smoker":9,"minecraft:total_world_time":17014,"minecraft:fall_one_cm":9637},"minecraft:crafted":{"minecraft:oak_planks":44,"minecraft:charcoal":2,"minecraft:shield":1,"minecraft:crafting_table":1,"minecraft:stick":12,"minecraft:baked_potato":7,"minecraft:wooden_pickaxe":1,"minecraft:stone_pickaxe":1,"minecraft:stone_sword":1,"minecraft:furnace":1,"minecraft:torch":8,"minecraft:stone_axe":1,"minecraft:air":0,"minecraft:cooked_mutton":2}},"DataVersion":3465}