{"stats":{"minecraft:picked_up":{"minecraft:charcoal":3,"minecraft:crafting_table":3,"minecraft:smithing_table":1,"minecraft:wooden_pickaxe":1,"minecraft:stone_brick_stairs":1,"minecraft:red_nether_bricks":7,"comforts:sleeping_bag_white":1,"minecraft:beef":18,"minecraft:jungle_sapling":7,"minecraft:rose_bush":1,"minecraft:calcite":8,"minecraft:iron_pickaxe":1,"minecraft:light_gray_wool":1,"minecraft:lectern":1,"minecraft:sugar_cane":9,"minecraft:furnace":2,"minecraft:egg":2,"minecraft:raw_iron":7,"minecraft:stick":13,"minecraft:composter":2,"minecraft:torch":2,"minecraft:acacia_log":75,"minecraft:porkchop":6,"tombstone:grave_dust":7,"minecraft:diorite":1,"minecraft:carrot":4,"minecraft:arrow":9,"minecraft:rotten_flesh":8,"minecraft:nether_bricks":7,"minecraft:mutton":20,"minecraft:iron_bars":6,"minecraft:white_wool":14,"minecraft:cobblestone":51,"minecraft:basalt":6,"minecraft:jungle_log":110,"minecraft:leather":12,"minecraft:smoker":1,"minecraft:potato":2,"minecraft:flint":6,"minecraft:oak_log":25,"minecraft:yellow_bed":3,"scalinghealth:heart_crystal":1,"minecraft:dirt":16,"minecraft:cooked_mutton":3,"minecraft:bone":15,"minecraft:acacia_planks":7,"minecraft:gray_carpet":1,"minecraft:wheat_seeds":6,"minecraft:bell":2,"minecraft:stone_pickaxe":2,"minecraft:grindstone":1,"minecraft:oak_planks":24,"minecraft:acacia_sapling":8,"minecraft:dark_oak_stairs":1,"minecraft:book":24,"scalinghealth:heart_crystal_shard":7,"minecraft:dark_oak_slab":1,"minecraft:stone_brick_slab":1,"minecraft:gravel":48,"minecraft:blast_furnace":8,"minecraft:white_bed":5,"minecraft:nether_brick_slab":8,"minecraft:cyan_bed":3,"mekanism:raw_osmium":3,"scalinghealth:cursed_heart":1,"minecraft:coal":40,"minecraft:baked_potato":9,"minecraft:acacia_slab":3,"minecraft:oak_sapling":1,"minecraft:black_wool":1,"minecraft:netherrack":8,"minecraft:dark_oak_fence":2},"minecraft:dropped":{"minecraft:dark_oak_stairs":1,"minecraft:wheat_seeds":5,"minecraft:dark_oak_slab":1,"minecraft:cobblestone":8,"minecraft:coal":9,"minecraft:stick":3,"minecraft:dirt":6,"minecraft:diorite":1,"minecraft:rose_bush":1,"minecraft:gray_carpet":1,"minecraft:stone_brick_slab":1,"minecraft:nether_brick_slab":8,"minecraft:rotten_flesh":8,"minecraft:grindstone":1,"minecraft:acacia_sapling":4,"minecraft:oak_sapling":1,"minecraft:iron_bars":6,"minecraft:red_nether_bricks":7,"minecraft:stone_pickaxe":12,"minecraft:wooden_pickaxe":1,"minecraft:calcite":3},"minecraft:killed_by":{"minecraft:husk":1},"minecraft:mined":{"minecraft:white_bed":5,"minecraft:jungle_leaves":83,"minecraft:nether_bricks":7,"minecraft:dark_oak_fence":3,"minecraft:acacia_log":76,"minecraft:grass_block":12,"minecraft:jungle_log":110,"minecraft:acacia_slab":3,"minecraft:composter":2,"minecraft:spawner":5,"minecraft:furnace":2,"minecraft:carrots":1,"minecraft:iron_ore":7,"minecraft:dark_oak_stairs":1,"minecraft:bell":2,"minecraft:bookshelf":8,"minecraft:vine":4,"minecraft:stone":44,"minecraft:smithing_table":1,"minecraft:acacia_leaves":19,"mekanism:osmium_ore":3,"minecraft:smoker":1,"minecraft:basalt":6,"minecraft:stone_brick_slab":1,"minecraft:crafting_table":3,"minecraft:torch":1,"minecraft:blast_furnace":8,"minecraft:calcite":6,"minecraft:lectern":1,"minecraft:cobblestone":3,"minecraft:cyan_bed":3,"minecraft:grindstone":1,"minecraft:sugar_cane":4,"minecraft:oak_planks":6,"minecraft:diorite":1,"minecraft:dark_oak_slab":1,"minecraft:yellow_bed":3,"minecraft:stone_brick_stairs":1,"minecraft:grass":11,"minecraft:coal_ore":41,"minecraft:oak_log":26,"minecraft:gravel":54,"minecraft:dirt":6,"minecraft:acacia_planks":7,"minecraft:netherrack":8},"minecraft:killed":{"minecraft:skeleton":8,"minecraft:piglin_brute":13,"minecraft:magma_cube":1,"minecraft:husk":7,"minecraft:pig":5,"minecraft:sheep":14,"minecraft:blaze":1,"minecraft:cow":9},"minecraft:used":{"minecraft:stone_sword":56,"minecraft:stone_shovel":54,"minecraft:chest":2,"minecraft:shield":4,"minecraft:iron_sword":158,"minecraft:bell":2,"minecraft:netherrack":8,"minecraft:torch":16,"minecraft:dirt":10,"scalinghealth:heart_crystal":3,"minecraft:nether_bricks":7,"minecraft:carrot":2,"minecraft:acacia_sapling":4,"minecraft:lava_bucket":1,"minecraft:iron_axe":241,"minecraft:acacia_slab":5,"minecraft:jungle_log":3,"minecraft:basalt":6,"minecraft:furnace":2,"tombstone:gift":1,"comforts:sleeping_bag_white":1,"minecraft:egg":2,"minecraft:acacia_planks":97,"minecraft:calcite":5,"minecraft:cooked_mutton":5,"minecraft:stone_pickaxe":14,"minecraft:baked_potato":13,"minecraft:oak_planks":3,"minecraft:wooden_pickaxe":14,"minecraft:leather_chestplate":1,"minecraft:fletching_table":2,"minecraft:crafting_table":7,"scalinghealth:cursed_heart":1,"minecraft:blast_furnace":1,"minecraft:white_bed":5,"minecraft:oak_log":1,"minecraft:cyan_bed":2,"minecraft:iron_pickaxe":121,"minecraft:gravel":17,"minecraft:acacia_fence_gate":2,"minecraft:stone_axe":42,"minecraft:cobblestone":8,"minecraft:smithing_table":2,"minecraft:bucket":1,"minecraft:yellow_bed":3,"minecraft:pumpkin_pie":16,"minecraft:bone_meal":8},"minecraft:custom":{"lootr:looted_stat":22,"minecraft:interact_with_anvil":1,"minecraft:mob_kills":58,"minecraft:interact_with_crafting_table":25,"minecraft:bell_ring":20,"minecraft:eat_cake_slice":2,"minecraft:leave_game":2,"minecraft:time_since_death":73497,"minecraft:climb_one_cm":10468,"minecraft:sprint_one_cm":394249,"minecraft:walk_one_cm":209169,"minecraft:damage_blocked_by_shield":83,"minecraft:drop":34,"minecraft:talked_to_villager":26,"minecraft:play_time":100605,"minecraft:deaths":1,"minecraft:sneak_time":5164,"minecraft:walk_under_water_one_cm":591,"minecraft:jump":2409,"minecraft:walk_on_water_one_cm":2648,"minecraft:total_world_time":100605,"minecraft:interact_with_furnace":10,"minecraft:traded_with_villager":50,"minecraft:interact_with_cartography_table":1,"minecraft:sleep_in_bed":4,"minecraft:time_since_rest":5866,"minecraft:waystone_activated":1,"minecraft:damage_taken":2293,"minecraft:damage_dealt":9508,"minecraft:swim_one_cm":5202,"minecraft:fly_one_cm":554125,"minecraft:open_chest":30,"minecraft:crouch_one_cm":13296,"tombstone:undead_killed":15,"minecraft:interact_with_smoker":10,"minecraft:fall_one_cm":75966},"minecraft:crafted":{"minecraft:oak_planks":76,"minecraft:stone_shovel":1,"comforts:sleeping_bag_white":1,"minecraft:furnace":1,"minecraft:acacia_fence_gate":2,"minecraft:bone_meal":45,"minecraft:cooked_mutton":2,"minecraft:iron_axe":1,"minecraft:stone_pickaxe":11,"minecraft:chest":2,"minecraft:emerald":40,"minecraft:crafting_table":5,"minecraft:acacia_slab":6,"minecraft:wooden_pickaxe":1,"minecraft:baked_potato":7,"minecraft:smithing_table":1,"minecraft:fletching_table":3,"minecraft:bucket":1,"minecraft:stone_axe":1,"minecraft:air":0,"minecraft:jungle_planks":428,"minecraft:charcoal":2,"minecraft:shield":1,"minecraft:stick":1232,"minecraft:stone_sword":1,"minecraft:acacia_planks":300,"minecraft:torch":20}},"DataVersion":3465}