{"stats":{"minecraft:picked_up":{"minecraft:charcoal":3,"minecraft:crafting_table":2,"minecraft:leather":12,"minecraft:wooden_pickaxe":1,"minecraft:smoker":1,"minecraft:potato":2,"minecraft:oak_log":16,"minecraft:dirt":6,"minecraft:cooked_mutton":3,"minecraft:bone":2,"minecraft:beef":18,"minecraft:light_gray_wool":1,"minecraft:iron_pickaxe":1,"minecraft:sugar_cane":9,"minecraft:oak_planks":10,"minecraft:egg":1,"minecraft:furnace":2,"scalinghealth:heart_crystal_shard":7,"minecraft:torch":1,"minecraft:acacia_log":2,"minecraft:porkchop":6,"tombstone:grave_dust":1,"scalinghealth:cursed_heart":1,"minecraft:baked_potato":9,"minecraft:oak_sapling":1,"minecraft:black_wool":1,"minecraft:mutton":17,"minecraft:white_wool":9,"minecraft:cobblestone":24},"minecraft:dropped":{"minecraft:dirt":6,"minecraft:wooden_pickaxe":1},"minecraft:killed_by":{"minecraft:husk":1},"minecraft:mined":{"minecraft:smoker":1,"minecraft:crafting_table":2,"minecraft:torch":1,"minecraft:acacia_log":2,"minecraft:grass_block":2,"minecraft:cobblestone":3,"minecraft:sugar_cane":4,"minecraft:spawner":2,"minecraft:furnace":2,"minecraft:grass":1,"minecraft:oak_log":16,"minecraft:dirt":4,"minecraft:stone":24},"minecraft:killed":{"minecraft:husk":2,"minecraft:pig":5,"minecraft:sheep":11,"minecraft:piglin_brute":13,"minecraft:cow":9},"minecraft:custom":{"lootr:looted_stat":5,"minecraft:interact_with_furnace":10,"minecraft:mob_kills":40,"minecraft:interact_with_anvil":1,"minecraft:interact_with_crafting_table":15,"minecraft:leave_game":2,"minecraft:time_since_death":1497,"minecraft:sleep_in_bed":1,"minecraft:climb_one_cm":6407,"minecraft:time_since_rest":1167,"minecraft:waystone_activated":1,"minecraft:sprint_one_cm":139677,"minecraft:damage_taken":742,"minecraft:walk_one_cm":51388,"minecraft:drop":2,"minecraft:damage_dealt":5178,"minecraft:talked_to_villager":1,"minecraft:fly_one_cm":183492,"minecraft:open_chest":6,"minecraft:crouch_one_cm":1700,"minecraft:play_time":28605,"tombstone:undead_killed":2,"minecraft:deaths":1,"minecraft:sneak_time":1229,"minecraft:jump":760,"minecraft:walk_on_water_one_cm":607,"minecraft:interact_with_smoker":10,"minecraft:total_world_time":28605,"minecraft:fall_one_cm":20666},"minecraft:used":{"minecraft:cooked_mutton":5,"minecraft:stone_sword":56,"minecraft:stone_pickaxe":14,"minecraft:baked_potato":4,"minecraft:chest":2,"minecraft:wooden_pickaxe":14,"minecraft:iron_sword":57,"minecraft:torch":6,"minecraft:crafting_table":3,"scalinghealth:cursed_heart":1,"minecraft:iron_pickaxe":6,"minecraft:stone_axe":19,"minecraft:furnace":2},"minecraft:crafted":{"minecraft:oak_planks":44,"minecraft:crafting_table":1,"minecraft:wooden_pickaxe":1,"minecraft:baked_potato":7,"minecraft:furnace":1,"minecraft:stone_axe":1,"minecraft:cooked_mutton":2,"minecraft:air":0,"minecraft:charcoal":2,"minecraft:shield":1,"minecraft:iron_axe":1,"minecraft:stick":16,"minecraft:stone_pickaxe":1,"minecraft:stone_sword":1,"minecraft:chest":2,"minecraft:acacia_planks":8,"minecraft:torch":8}},"DataVersion":3465}