{"stats":{"minecraft:picked_up":{"minecraft:charcoal":3,"minecraft:crafting_table":2,"minecraft:basalt":6,"minecraft:leather":12,"minecraft:wooden_pickaxe":1,"minecraft:smoker":1,"minecraft:potato":2,"minecraft:stone_brick_stairs":1,"minecraft:oak_log":18,"scalinghealth:heart_crystal":1,"minecraft:dirt":7,"minecraft:red_nether_bricks":7,"minecraft:cooked_mutton":3,"minecraft:bone":15,"minecraft:gray_carpet":1,"minecraft:wheat_seeds":3,"minecraft:beef":18,"minecraft:rose_bush":1,"minecraft:calcite":8,"minecraft:light_gray_wool":1,"minecraft:iron_pickaxe":1,"minecraft:sugar_cane":9,"minecraft:oak_planks":24,"minecraft:dark_oak_stairs":1,"minecraft:egg":1,"minecraft:furnace":2,"minecraft:book":24,"minecraft:stick":3,"minecraft:dark_oak_slab":1,"scalinghealth:heart_crystal_shard":7,"minecraft:stone_brick_slab":1,"minecraft:torch":1,"minecraft:acacia_log":2,"minecraft:porkchop":6,"minecraft:carrot":4,"minecraft:blast_furnace":8,"tombstone:grave_dust":7,"minecraft:diorite":1,"minecraft:nether_brick_slab":8,"minecraft:cyan_bed":2,"minecraft:arrow":9,"minecraft:rotten_flesh":8,"minecraft:nether_bricks":7,"scalinghealth:cursed_heart":1,"minecraft:baked_potato":9,"minecraft:oak_sapling":1,"minecraft:netherrack":8,"minecraft:black_wool":1,"minecraft:dark_oak_fence":2,"minecraft:mutton":17,"minecraft:iron_bars":6,"minecraft:white_wool":11,"minecraft:cobblestone":32},"minecraft:dropped":{"minecraft:nether_brick_slab":8,"minecraft:dark_oak_stairs":1,"minecraft:wheat_seeds":3,"minecraft:dark_oak_slab":1,"minecraft:rotten_flesh":8,"minecraft:cobblestone":8,"minecraft:coal":9,"minecraft:stick":3,"minecraft:dirt":6,"minecraft:diorite":1,"minecraft:rose_bush":1,"minecraft:oak_sapling":1,"minecraft:red_nether_bricks":7,"minecraft:iron_bars":6,"minecraft:wooden_pickaxe":1,"minecraft:calcite":3,"minecraft:stone_brick_slab":1,"minecraft:gray_carpet":1},"minecraft:killed_by":{"minecraft:husk":1},"minecraft:mined":{"minecraft:smoker":1,"minecraft:basalt":6,"minecraft:stone_brick_slab":1,"minecraft:crafting_table":2,"minecraft:torch":1,"minecraft:nether_bricks":7,"minecraft:dark_oak_fence":3,"minecraft:blast_furnace":8,"minecraft:acacia_log":2,"minecraft:grass_block":3,"minecraft:calcite":6,"minecraft:cobblestone":3,"minecraft:oak_planks":6,"minecraft:cyan_bed":2,"minecraft:sugar_cane":4,"minecraft:diorite":1,"minecraft:spawner":5,"minecraft:dark_oak_slab":1,"minecraft:furnace":2,"minecraft:carrots":1,"minecraft:stone_brick_stairs":1,"minecraft:dark_oak_stairs":1,"minecraft:grass":3,"minecraft:bookshelf":8,"minecraft:oak_log":18,"minecraft:dirt":4,"minecraft:stone":24,"minecraft:netherrack":8},"minecraft:killed":{"minecraft:magma_cube":1,"minecraft:husk":7,"minecraft:pig":5,"minecraft:sheep":11,"minecraft:skeleton":8,"minecraft:blaze":1,"minecraft:piglin_brute":13,"minecraft:cow":9},"minecraft:custom":{"lootr:looted_stat":22,"minecraft:interact_with_furnace":10,"minecraft:mob_kills":55,"minecraft:interact_with_anvil":1,"minecraft:interact_with_cartography_table":1,"minecraft:interact_with_crafting_table":16,"minecraft:eat_cake_slice":2,"minecraft:leave_game":2,"minecraft:time_since_death":37497,"minecraft:sleep_in_bed":2,"minecraft:climb_one_cm":10046,"minecraft:time_since_rest":2629,"minecraft:waystone_activated":1,"minecraft:sprint_one_cm":272908,"minecraft:damage_taken":2063,"minecraft:walk_one_cm":139953,"minecraft:damage_blocked_by_shield":63,"minecraft:drop":19,"minecraft:damage_dealt":9095,"minecraft:talked_to_villager":2,"minecraft:fly_one_cm":345277,"minecraft:open_chest":17,"minecraft:crouch_one_cm":6423,"minecraft:play_time":64605,"tombstone:undead_killed":15,"minecraft:deaths":1,"minecraft:sneak_time":2809,"minecraft:jump":1488,"minecraft:walk_on_water_one_cm":947,"minecraft:interact_with_smoker":10,"minecraft:total_world_time":64605,"minecraft:fall_one_cm":43579},"minecraft:used":{"minecraft:calcite":5,"minecraft:cooked_mutton":5,"minecraft:stone_sword":56,"minecraft:stone_pickaxe":14,"minecraft:oak_planks":3,"minecraft:baked_potato":11,"minecraft:leather_chestplate":1,"minecraft:shield":3,"minecraft:chest":2,"minecraft:wooden_pickaxe":14,"minecraft:iron_sword":156,"minecraft:netherrack":8,"minecraft:torch":7,"minecraft:dirt":1,"scalinghealth:heart_crystal":3,"minecraft:crafting_table":4,"minecraft:nether_bricks":7,"minecraft:carrot":2,"minecraft:blast_furnace":1,"scalinghealth:cursed_heart":1,"minecraft:oak_log":1,"minecraft:lava_bucket":1,"minecraft:iron_axe":1,"minecraft:iron_pickaxe":47,"minecraft:stone_axe":42,"minecraft:basalt":5,"minecraft:cobblestone":8,"minecraft:furnace":2,"minecraft:bucket":1,"minecraft:pumpkin_pie":10,"tombstone:gift":1,"minecraft:egg":1},"minecraft:crafted":{"minecraft:oak_planks":48,"minecraft:crafting_table":2,"minecraft:wooden_pickaxe":1,"minecraft:baked_potato":7,"minecraft:furnace":1,"minecraft:bucket":1,"minecraft:stone_axe":1,"minecraft:cooked_mutton":2,"minecraft:air":0,"minecraft:charcoal":2,"minecraft:shield":1,"minecraft:iron_axe":1,"minecraft:stick":16,"minecraft:stone_pickaxe":1,"minecraft:stone_sword":1,"minecraft:chest":2,"minecraft:acacia_planks":8,"minecraft:torch":8}},"DataVersion":3465}