{"stats":{"minecraft:picked_up":{"minecraft:charcoal":3,"minecraft:crafting_table":2,"minecraft:smithing_table":1,"minecraft:wooden_pickaxe":1,"minecraft:stone_brick_stairs":1,"minecraft:red_nether_bricks":7,"minecraft:beef":18,"minecraft:rose_bush":1,"minecraft:calcite":8,"minecraft:iron_pickaxe":1,"minecraft:light_gray_wool":1,"minecraft:lectern":1,"minecraft:sugar_cane":9,"minecraft:furnace":2,"minecraft:egg":1,"minecraft:stick":11,"minecraft:composter":2,"minecraft:torch":1,"minecraft:acacia_log":75,"minecraft:porkchop":6,"tombstone:grave_dust":7,"minecraft:diorite":1,"minecraft:carrot":4,"minecraft:arrow":9,"minecraft:rotten_flesh":8,"minecraft:nether_bricks":7,"minecraft:mutton":17,"minecraft:iron_bars":6,"minecraft:white_wool":11,"minecraft:cobblestone":33,"minecraft:basalt":6,"minecraft:leather":12,"minecraft:smoker":1,"minecraft:potato":2,"minecraft:flint":6,"minecraft:oak_log":25,"minecraft:yellow_bed":3,"scalinghealth:heart_crystal":1,"minecraft:dirt":7,"minecraft:cooked_mutton":3,"minecraft:bone":15,"minecraft:acacia_planks":7,"minecraft:gray_carpet":1,"minecraft:wheat_seeds":6,"minecraft:bell":2,"minecraft:stone_pickaxe":2,"minecraft:grindstone":1,"minecraft:oak_planks":24,"minecraft:acacia_sapling":8,"minecraft:dark_oak_stairs":1,"minecraft:book":24,"scalinghealth:heart_crystal_shard":7,"minecraft:dark_oak_slab":1,"minecraft:stone_brick_slab":1,"minecraft:gravel":48,"minecraft:blast_furnace":8,"minecraft:white_bed":5,"minecraft:nether_brick_slab":8,"minecraft:cyan_bed":3,"scalinghealth:cursed_heart":1,"minecraft:baked_potato":9,"minecraft:acacia_slab":3,"minecraft:oak_sapling":1,"minecraft:black_wool":1,"minecraft:netherrack":8,"minecraft:dark_oak_fence":2},"minecraft:dropped":{"minecraft:dark_oak_stairs":1,"minecraft:wheat_seeds":5,"minecraft:dark_oak_slab":1,"minecraft:cobblestone":8,"minecraft:coal":9,"minecraft:stick":3,"minecraft:dirt":6,"minecraft:diorite":1,"minecraft:rose_bush":1,"minecraft:gray_carpet":1,"minecraft:stone_brick_slab":1,"minecraft:nether_brick_slab":8,"minecraft:rotten_flesh":8,"minecraft:grindstone":1,"minecraft:oak_sapling":1,"minecraft:iron_bars":6,"minecraft:red_nether_bricks":7,"minecraft:stone_pickaxe":12,"minecraft:wooden_pickaxe":1,"minecraft:calcite":3},"minecraft:killed_by":{"minecraft:husk":1},"minecraft:mined":{"minecraft:white_bed":5,"minecraft:nether_bricks":7,"minecraft:dark_oak_fence":3,"minecraft:acacia_log":76,"minecraft:grass_block":5,"minecraft:acacia_slab":3,"minecraft:composter":2,"minecraft:spawner":5,"minecraft:furnace":2,"minecraft:carrots":1,"minecraft:dark_oak_stairs":1,"minecraft:bell":2,"minecraft:bookshelf":8,"minecraft:stone":25,"minecraft:smithing_table":1,"minecraft:acacia_leaves":19,"minecraft:smoker":1,"minecraft:basalt":6,"minecraft:stone_brick_slab":1,"minecraft:crafting_table":2,"minecraft:torch":1,"minecraft:blast_furnace":8,"minecraft:calcite":6,"minecraft:lectern":1,"minecraft:cobblestone":3,"minecraft:cyan_bed":3,"minecraft:grindstone":1,"minecraft:sugar_cane":4,"minecraft:oak_planks":6,"minecraft:diorite":1,"minecraft:dark_oak_slab":1,"minecraft:yellow_bed":3,"minecraft:stone_brick_stairs":1,"minecraft:grass":9,"minecraft:oak_log":26,"minecraft:gravel":54,"minecraft:dirt":4,"minecraft:acacia_planks":7,"minecraft:netherrack":8},"minecraft:killed":{"minecraft:skeleton":8,"minecraft:piglin_brute":13,"minecraft:magma_cube":1,"minecraft:husk":7,"minecraft:pig":5,"minecraft:sheep":11,"minecraft:blaze":1,"minecraft:cow":9},"minecraft:used":{"minecraft:stone_sword":56,"minecraft:stone_shovel":54,"minecraft:chest":2,"minecraft:shield":3,"minecraft:iron_sword":156,"minecraft:bell":2,"minecraft:netherrack":8,"minecraft:torch":7,"minecraft:dirt":1,"scalinghealth:heart_crystal":3,"minecraft:nether_bricks":7,"minecraft:carrot":2,"minecraft:acacia_sapling":4,"minecraft:lava_bucket":1,"minecraft:iron_axe":117,"minecraft:acacia_slab":5,"minecraft:basalt":5,"minecraft:furnace":2,"tombstone:gift":1,"minecraft:egg":1,"minecraft:acacia_planks":97,"minecraft:calcite":5,"minecraft:cooked_mutton":5,"minecraft:stone_pickaxe":14,"minecraft:baked_potato":11,"minecraft:oak_planks":3,"minecraft:wooden_pickaxe":14,"minecraft:leather_chestplate":1,"minecraft:fletching_table":2,"minecraft:crafting_table":6,"scalinghealth:cursed_heart":1,"minecraft:blast_furnace":1,"minecraft:white_bed":5,"minecraft:oak_log":1,"minecraft:cyan_bed":2,"minecraft:iron_pickaxe":51,"minecraft:gravel":17,"minecraft:acacia_fence_gate":2,"minecraft:stone_axe":42,"minecraft:cobblestone":8,"minecraft:smithing_table":2,"minecraft:bucket":1,"minecraft:yellow_bed":3,"minecraft:pumpkin_pie":16,"minecraft:bone_meal":8},"minecraft:custom":{"lootr:looted_stat":22,"minecraft:interact_with_anvil":1,"minecraft:mob_kills":55,"minecraft:interact_with_crafting_table":24,"minecraft:bell_ring":20,"minecraft:eat_cake_slice":2,"minecraft:leave_game":2,"minecraft:time_since_death":61497,"minecraft:climb_one_cm":10046,"minecraft:sprint_one_cm":366278,"minecraft:walk_one_cm":194209,"minecraft:damage_blocked_by_shield":63,"minecraft:drop":33,"minecraft:talked_to_villager":16,"minecraft:play_time":88605,"minecraft:deaths":1,"minecraft:sneak_time":3502,"minecraft:jump":2117,"minecraft:walk_on_water_one_cm":947,"minecraft:total_world_time":88605,"minecraft:interact_with_furnace":10,"minecraft:traded_with_villager":21,"minecraft:interact_with_cartography_table":1,"minecraft:sleep_in_bed":3,"minecraft:time_since_rest":10616,"minecraft:waystone_activated":1,"minecraft:damage_taken":2233,"minecraft:damage_dealt":9095,"minecraft:fly_one_cm":504077,"minecraft:open_chest":29,"minecraft:crouch_one_cm":9685,"tombstone:undead_killed":15,"minecraft:interact_with_smoker":10,"minecraft:fall_one_cm":68684},"minecraft:crafted":{"minecraft:oak_planks":76,"minecraft:stone_shovel":1,"minecraft:furnace":1,"minecraft:acacia_fence_gate":2,"minecraft:bone_meal":45,"minecraft:cooked_mutton":2,"minecraft:iron_axe":1,"minecraft:stone_pickaxe":11,"minecraft:chest":2,"minecraft:emerald":11,"minecraft:crafting_table":4,"minecraft:acacia_slab":6,"minecraft:wooden_pickaxe":1,"minecraft:baked_potato":7,"minecraft:smithing_table":1,"minecraft:fletching_table":3,"minecraft:bucket":1,"minecraft:stone_axe":1,"minecraft:air":0,"minecraft:charcoal":2,"minecraft:shield":1,"minecraft:stick":384,"minecraft:stone_sword":1,"minecraft:acacia_planks":300,"minecraft:torch":8}},"DataVersion":3465}