{"stats":{"minecraft:picked_up":{"minecraft:leather_chestplate":1,"minecraft:wheat":7,"minecraft:feather":2,"minecraft:basalt":37,"minecraft:magma_cream":1,"minecraft:chicken":3,"minecraft:jungle_log":56,"minecraft:leather":4,"minecraft:potato":1,"minecraft:gold_block":1,"minecraft:oak_log":57,"minecraft:yellow_bed":1,"minecraft:dirt":9,"minecraft:bone":2,"minecraft:wheat_seeds":10,"minecraft:beef":7,"minecraft:stone_pickaxe":6,"minecraft:jungle_sapling":1,"minecraft:sugar_cane":2,"minecraft:acacia_sapling":5,"minecraft:egg":6,"minecraft:book":48,"minecraft:stick":6,"minecraft:raw_iron":2,"minecraft:pumpkin":2,"minecraft:torch":2,"minecraft:acacia_log":186,"minecraft:dandelion":1,"minecraft:spruce_fence":1,"minecraft:arrow":4,"minecraft:rotten_flesh":8,"minecraft:beetroot_seeds":1,"minecraft:nether_bricks":18,"minecraft:hay_block":25,"minecraft:golden_apple":1,"minecraft:gray_wool":1,"minecraft:netherrack":8,"minecraft:mutton":4,"minecraft:white_wool":2,"minecraft:cobblestone":12},"minecraft:broken":{"minecraft:iron_axe":1},"minecraft:dropped":{"minecraft:iron_ingot":6,"minecraft:iron_sword":1,"minecraft:diamond_hoe":1,"minecraft:feather":2,"minecraft:rotten_flesh":8,"minecraft:spruce_fence":1,"minecraft:leather_chestplate":2,"minecraft:wooden_axe":1,"minecraft:rose_bush":1,"minecraft:oak_sapling":1,"tombstone:grave_dust":1,"minecraft:wooden_sword":1,"minecraft:iron_bars":5,"minecraft:wooden_pickaxe":1,"minecraft:stone_pickaxe":13,"minecraft:white_wool":2,"minecraft:netherrack":3,"minecraft:dandelion":1,"minecraft:egg":1},"minecraft:killed_by":{"minecraft:player":1,"minecraft:wither_skeleton":2,"mekanismadditions:baby_skeleton":1},"minecraft:mined":{"minecraft:acacia_leaves":29,"minecraft:blackstone":1,"minecraft:basalt":40,"minecraft:torch":1,"minecraft:nether_bricks":18,"minecraft:acacia_log":192,"minecraft:grass_block":3,"minecraft:spruce_fence":1,"minecraft:jungle_log":56,"minecraft:tall_grass":1,"minecraft:sugar_cane":1,"minecraft:spawner":1,"minecraft:hay_block":25,"minecraft:nether_sprouts":1,"minecraft:iron_ore":2,"minecraft:wheat":6,"minecraft:pumpkin":2,"minecraft:yellow_bed":1,"minecraft:gold_block":1,"minecraft:grass":26,"minecraft:bookshelf":16,"minecraft:potatoes":1,"minecraft:oak_log":58,"minecraft:beetroots":1,"minecraft:vine":3,"minecraft:dirt":6,"minecraft:gray_carpet":1,"minecraft:stone":12,"minecraft:netherrack":7,"minecraft:oak_leaves":19},"minecraft:killed":{"minecraft:husk":8,"minecraft:skeleton":1,"minecraft:sheep":3,"minecraft:chicken":3,"minecraft:piglin_brute":1,"minecraft:cow":5},"minecraft:used":{"minecraft:oak_planks":14,"minecraft:wooden_pickaxe":3,"minecraft:leather_chestplate":1,"minecraft:iron_sword":115,"minecraft:diamond_axe":88,"minecraft:netherrack":5,"minecraft:torch":2,"minecraft:golden_apple":1,"minecraft:mutton":4,"minecraft:crafting_table":4,"minecraft:carrot":5,"minecraft:nether_bricks":18,"minecraft:obsidian":10,"minecraft:wooden_axe":29,"minecraft:bread":42,"minecraft:iron_axe":264,"minecraft:iron_pickaxe":80,"minecraft:wooden_sword":27,"minecraft:basalt":37,"minecraft:cobblestone":2,"tombstone:gift":1,"minecraft:gold_block":1,"minecraft:egg":2,"minecraft:potato":4},"minecraft:custom":{"lootr:looted_stat":22,"minecraft:mob_kills":21,"minecraft:traded_with_villager":73,"minecraft:interact_with_crafting_table":8,"minecraft:leave_game":10,"minecraft:time_since_death":3834,"minecraft:sleep_in_bed":4,"minecraft:climb_one_cm":10747,"minecraft:waystone_activated":2,"minecraft:time_since_rest":2835,"minecraft:sprint_one_cm":477207,"minecraft:damage_absorbed":40,"minecraft:damage_taken":4086,"minecraft:walk_one_cm":233777,"tombstone:sneak_grave":4,"minecraft:drop":33,"minecraft:damage_dealt":4616,"minecraft:swim_one_cm":2861,"minecraft:talked_to_villager":22,"minecraft:fly_one_cm":466523,"minecraft:open_chest":2,"minecraft:play_time":117538,"minecraft:crouch_one_cm":20219,"minecraft:sneak_time":6316,"tombstone:undead_killed":9,"minecraft:deaths":5,"minecraft:walk_under_water_one_cm":152,"minecraft:jump":2202,"minecraft:interact_with_blast_furnace":1,"minecraft:walk_on_water_one_cm":956,"minecraft:total_world_time":117538,"minecraft:interact_with_smoker":2,"minecraft:fall_one_cm":58696,"minecraft:horse_one_cm":1205898},"minecraft:crafted":{"minecraft:wooden_sword":1,"minecraft:oak_planks":144,"minecraft:emerald":52,"minecraft:arrow":160,"minecraft:diamond_axe":1,"minecraft:crafting_table":4,"minecraft:diamond_hoe":3,"minecraft:wooden_pickaxe":1,"minecraft:bread":63,"minecraft:air":0,"minecraft:iron_chestplate":1,"minecraft:shield":1,"minecraft:iron_axe":1,"minecraft:stick":1672,"minecraft:iron_pickaxe":1,"minecraft:stone_pickaxe":7,"minecraft:wooden_axe":1,"minecraft:acacia_planks":744,"minecraft:wheat":210}},"DataVersion":3465}