{"stats":{"minecraft:picked_up":{"minecraft:leather_chestplate":1,"minecraft:wheat":7,"minecraft:feather":2,"minecraft:basalt":14,"minecraft:chicken":3,"minecraft:leather":4,"minecraft:potato":1,"minecraft:gold_block":1,"minecraft:oak_log":11,"minecraft:bone":2,"minecraft:wheat_seeds":7,"minecraft:beef":7,"minecraft:sugar_cane":2,"minecraft:egg":3,"minecraft:book":48,"minecraft:pumpkin":2,"minecraft:torch":2,"minecraft:spruce_fence":1,"minecraft:arrow":4,"minecraft:rotten_flesh":8,"minecraft:beetroot_seeds":1,"minecraft:hay_block":25,"minecraft:golden_apple":1,"minecraft:gray_wool":1,"minecraft:netherrack":5,"minecraft:mutton":4,"minecraft:white_wool":2},"minecraft:dropped":{"minecraft:iron_sword":1,"minecraft:feather":2,"minecraft:rotten_flesh":8,"minecraft:spruce_fence":1,"minecraft:leather_chestplate":2,"minecraft:wooden_axe":1,"minecraft:rose_bush":1,"minecraft:oak_sapling":1,"tombstone:grave_dust":1,"minecraft:wooden_sword":1,"minecraft:iron_bars":5,"minecraft:wooden_pickaxe":1,"minecraft:white_wool":2,"minecraft:netherrack":2,"minecraft:dandelion":1,"minecraft:egg":1},"minecraft:mined":{"minecraft:basalt":15,"minecraft:torch":1,"minecraft:spruce_fence":1,"minecraft:sugar_cane":1,"minecraft:spawner":1,"minecraft:hay_block":25,"minecraft:wheat":6,"minecraft:pumpkin":2,"minecraft:gold_block":1,"minecraft:grass":10,"minecraft:bookshelf":16,"minecraft:potatoes":1,"minecraft:oak_log":12,"minecraft:beetroots":1,"minecraft:gray_carpet":1,"minecraft:netherrack":5,"minecraft:oak_leaves":4},"minecraft:killed":{"minecraft:husk":8,"minecraft:sheep":3,"minecraft:skeleton":1,"minecraft:chicken":3,"minecraft:piglin_brute":1,"minecraft:cow":5},"minecraft:used":{"minecraft:oak_planks":14,"minecraft:wooden_pickaxe":3,"minecraft:leather_chestplate":1,"minecraft:iron_sword":115,"minecraft:netherrack":3,"minecraft:torch":2,"minecraft:golden_apple":1,"minecraft:mutton":4,"minecraft:crafting_table":3,"minecraft:obsidian":10,"minecraft:wooden_axe":29,"minecraft:bread":31,"minecraft:iron_pickaxe":19,"minecraft:basalt":14,"minecraft:wooden_sword":27,"minecraft:gold_block":1,"tombstone:gift":1,"minecraft:egg":1,"minecraft:potato":4},"minecraft:custom":{"lootr:looted_stat":17,"minecraft:mob_kills":21,"minecraft:interact_with_crafting_table":6,"minecraft:time_since_death":42328,"minecraft:sleep_in_bed":2,"minecraft:climb_one_cm":8860,"minecraft:time_since_rest":36011,"minecraft:waystone_activated":1,"minecraft:sprint_one_cm":257090,"minecraft:damage_absorbed":40,"minecraft:damage_taken":2544,"minecraft:walk_one_cm":160255,"tombstone:sneak_grave":1,"minecraft:drop":17,"minecraft:damage_dealt":4616,"minecraft:fly_one_cm":178941,"minecraft:crouch_one_cm":7400,"minecraft:play_time":48907,"tombstone:undead_killed":9,"minecraft:deaths":1,"minecraft:sneak_time":2864,"minecraft:jump":926,"minecraft:interact_with_blast_furnace":1,"minecraft:walk_on_water_one_cm":194,"minecraft:total_world_time":48907,"minecraft:interact_with_smoker":2,"minecraft:fall_one_cm":25992},"minecraft:crafted":{"minecraft:wooden_sword":1,"minecraft:oak_planks":44,"minecraft:crafting_table":3,"minecraft:wooden_pickaxe":1,"minecraft:bread":63,"minecraft:iron_chestplate":1,"minecraft:shield":1,"minecraft:stick":8,"minecraft:iron_pickaxe":1,"minecraft:wooden_axe":1,"minecraft:wheat":210}},"DataVersion":3465}