{"stats":{"minecraft:killed_by":{"minecraft:player":1,"minecraft:wither_skeleton":2,"mekanismadditions:baby_skeleton":1},"minecraft:crafted":{"minecraft:wooden_sword":1,"minecraft:oak_planks":2388,"minecraft:diamond_hoe":3,"minecraft:vine":1,"minecraft:bookshelf":24,"minecraft:bow":1,"minecraft:diamond_helmet":1,"minecraft:diamond_leggings":1,"minecraft:iron_boots":30,"minecraft:iron_axe":1,"minecraft:stone_pickaxe":7,"minecraft:tipped_arrow":60,"minecraft:chest":7,"minecraft:diamond_boots":1,"minecraft:wheat":210,"minecraft:oak_slab":12,"minecraft:emerald":356,"minecraft:arrow":224,"minecraft:diamond_axe":1,"minecraft:crafting_table":5,"minecraft:enchanting_table":1,"minecraft:wooden_pickaxe":1,"minecraft:chainmail_chestplate":7,"minecraft:enchanted_book":1,"minecraft:bread":63,"minecraft:air":0,"minecraft:jungle_planks":2592,"minecraft:lectern":1,"minecraft:dark_oak_sapling":1,"minecraft:iron_chestplate":1,"minecraft:diamond_pickaxe":1,"minecraft:shield":1,"minecraft:stick":11149,"minecraft:gunpowder":8,"minecraft:iron_ingot":4,"minecraft:iron_pickaxe":1,"minecraft:wooden_axe":1,"minecraft:white_bed":2,"minecraft:acacia_planks":744,"minecraft:torch":80,"minecraft:shears":1,"minecraft:diamond_chestplate":1},"minecraft:picked_up":{"minecraft:cocoa_beans":8,"minecraft:wheat":7,"minecraft:chicken":3,"minecraft:gold_block":3,"minecraft:cobbled_deepslate":5,"minecraft:beef":7,"minecraft:jungle_sapling":7,"minecraft:lectern":3,"minecraft:sugar_cane":2,"minecraft:chest":1,"minecraft:egg":10,"minecraft:stick":33,"minecraft:raw_iron":4,"minecraft:torch":3,"minecraft:acacia_log":186,"minecraft:spruce_fence":1,"minecraft:carrot":54,"minecraft:arrow":6,"minecraft:rotten_flesh":12,"minecraft:beetroot_seeds":1,"minecraft:nether_bricks":18,"minecraft:hay_block":25,"minecraft:obsidian":5,"minecraft:mutton":4,"minecraft:white_wool":10,"minecraft:cobblestone":94,"minecraft:leather_chestplate":1,"minecraft:feather":2,"minecraft:basalt":37,"minecraft:magma_cream":1,"minecraft:jungle_log":647,"minecraft:leather":4,"minecraft:golden_leggings":1,"minecraft:potato":1,"minecraft:oak_log":597,"minecraft:yellow_bed":1,"minecraft:lapis_lazuli":51,"minecraft:dirt":13,"tombstone:gift":1,"minecraft:bone":4,"minecraft:apple":2,"minecraft:wheat_seeds":12,"minecraft:raw_gold":7,"minecraft:stone_pickaxe":6,"scalinghealth:power_crystal_shard":2,"minecraft:bamboo":494,"minecraft:acacia_sapling":13,"minecraft:oak_planks":1,"minecraft:book":117,"minecraft:pumpkin":2,"minecraft:dandelion":7,"minecraft:gravel":2,"minecraft:jungle_planks":56,"mekanism:raw_osmium":2,"minecraft:stripped_jungle_log":2,"waystones:waystone":1,"minecraft:granite":1,"minecraft:golden_apple":1,"minecraft:gray_wool":1,"minecraft:oak_sapling":11,"minecraft:netherrack":8,"minecraft:coal":33},"minecraft:dropped":{"minecraft:iron_ingot":6,"minecraft:iron_sword":1,"minecraft:wheat_seeds":5,"minecraft:feather":2,"minecraft:iron_helmet":1,"minecraft:book":1,"minecraft:jungle_planks":4,"minecraft:stripped_jungle_log":1,"minecraft:dirt":2,"minecraft:wooden_axe":1,"minecraft:rose_bush":1,"tombstone:grave_dust":1,"minecraft:jungle_sapling":2,"minecraft:wooden_sword":1,"minecraft:white_wool":2,"minecraft:dandelion":7,"minecraft:cobbled_deepslate":5,"minecraft:cocoa_beans":8,"minecraft:diamond_hoe":1,"tombstone:gift":1,"minecraft:rotten_flesh":12,"minecraft:iron_boots":25,"scalinghealth:power_crystal_shard":1,"minecraft:spruce_fence":1,"minecraft:carrot":38,"minecraft:leather_chestplate":2,"minecraft:oak_sapling":9,"minecraft:acacia_sapling":8,"minecraft:iron_bars":5,"minecraft:wooden_pickaxe":1,"minecraft:stone_pickaxe":13,"minecraft:netherrack":3,"minecraft:egg":4},"minecraft:killed":{"minecraft:spider":1,"minecraft:skeleton":3,"minecraft:chicken":3,"minecraft:piglin_brute":1,"minecraft:husk":8,"majruszsdifficulty:cursed_armor":1,"minecraft:sheep":3,"minecraft:cow":5},"minecraft:custom":{"minecraft:interact_with_smithing_table":3,"lootr:looted_stat":23,"minecraft:interact_with_anvil":1,"minecraft:mob_kills":25,"minecraft:interact_with_crafting_table":18,"minecraft:leave_game":15,"minecraft:time_since_death":136385,"minecraft:climb_one_cm":29803,"minecraft:sprint_one_cm":913380,"minecraft:walk_one_cm":421380,"minecraft:damage_blocked_by_shield":90,"minecraft:drop":128,"minecraft:talked_to_villager":174,"minecraft:play_time":250089,"minecraft:deaths":5,"minecraft:sneak_time":12794,"minecraft:walk_under_water_one_cm":1725,"minecraft:jump":4625,"minecraft:interact_with_blast_furnace":5,"minecraft:walk_on_water_one_cm":8946,"minecraft:enchant_item":8,"minecraft:total_world_time":250089,"minecraft:traded_with_villager":447,"minecraft:sleep_in_bed":12,"minecraft:time_since_rest":6054,"minecraft:waystone_activated":4,"minecraft:damage_taken":5185,"minecraft:damage_absorbed":40,"tombstone:sneak_grave":4,"minecraft:damage_dealt":5713,"minecraft:swim_one_cm":13592,"minecraft:fly_one_cm":948651,"minecraft:open_chest":19,"minecraft:crouch_one_cm":48939,"tombstone:undead_killed":11,"minecraft:interact_with_smoker":2,"minecraft:fall_one_cm":132386,"minecraft:horse_one_cm":1675240},"minecraft:broken":{"minecraft:iron_axe":1},"minecraft:mined":{"minecraft:jungle_leaves":8,"minecraft:nether_bricks":18,"minecraft:granite":1,"minecraft:acacia_log":192,"minecraft:grass_block":4,"minecraft:spruce_fence":1,"minecraft:jungle_log":659,"minecraft:spawner":1,"minecraft:hay_block":25,"minecraft:carrots":16,"minecraft:nether_sprouts":1,"minecraft:iron_ore":3,"minecraft:pumpkin":2,"minecraft:deepslate_lapis_ore":4,"minecraft:gold_block":3,"minecraft:bookshelf":39,"minecraft:potatoes":1,"minecraft:vine":35,"minecraft:stripped_jungle_log":2,"minecraft:bamboo":59,"minecraft:stone":89,"minecraft:acacia_leaves":29,"mekanism:osmium_ore":1,"minecraft:blackstone":1,"minecraft:basalt":40,"minecraft:torch":1,"minecraft:chest":1,"minecraft:lectern":3,"minecraft:tall_grass":1,"minecraft:cobblestone":11,"minecraft:lapis_ore":3,"minecraft:deepslate_gold_ore":2,"minecraft:sugar_cane":1,"minecraft:oak_planks":2,"minecraft:wall_torch":1,"minecraft:wheat":6,"minecraft:yellow_bed":1,"minecraft:grass":59,"minecraft:oak_log":609,"minecraft:coal_ore":27,"minecraft:beetroots":1,"minecraft:cocoa":1,"minecraft:gravel":2,"minecraft:dirt":6,"minecraft:gray_carpet":1,"minecraft:netherrack":7,"minecraft:gold_ore":4,"minecraft:oak_leaves":76,"minecraft:deepslate":1,"minecraft:fern":6},"minecraft:used":{"minecraft:enchanting_table":1,"minecraft:chest":8,"minecraft:shield":3,"minecraft:iron_sword":115,"minecraft:netherrack":5,"minecraft:torch":12,"minecraft:dirt":1,"minecraft:mutton":4,"scalinghealth:heart_crystal":1,"minecraft:nether_bricks":18,"minecraft:carrot":21,"minecraft:obsidian":10,"minecraft:wooden_axe":29,"minecraft:bookshelf":23,"minecraft:iron_axe":264,"minecraft:iron_boots":1,"minecraft:basalt":37,"minecraft:bow":1,"tombstone:gift":2,"minecraft:gold_block":1,"minecraft:egg":4,"minecraft:potato":4,"minecraft:oak_planks":14,"minecraft:wooden_pickaxe":3,"minecraft:leather_chestplate":1,"minecraft:diamond_axe":1476,"minecraft:golden_apple":1,"minecraft:crafting_table":5,"minecraft:white_bed":2,"waystones:waystone":1,"minecraft:diamond_pickaxe":137,"minecraft:bread":73,"minecraft:iron_pickaxe":81,"minecraft:lectern":4,"minecraft:wooden_sword":27,"minecraft:cobblestone":58,"minecraft:yellow_bed":1}},"DataVersion":3465}