{"stats":{"minecraft:picked_up":{"minecraft:cocoa_beans":8,"minecraft:wheat":7,"minecraft:chicken":3,"minecraft:gold_block":1,"minecraft:beef":7,"minecraft:jungle_sapling":4,"minecraft:sugar_cane":2,"minecraft:egg":7,"minecraft:stick":11,"minecraft:raw_iron":4,"minecraft:torch":2,"minecraft:acacia_log":186,"minecraft:spruce_fence":1,"minecraft:arrow":4,"minecraft:rotten_flesh":8,"minecraft:beetroot_seeds":1,"minecraft:nether_bricks":18,"minecraft:hay_block":25,"minecraft:mutton":4,"minecraft:obsidian":5,"minecraft:cobblestone":23,"minecraft:white_wool":2,"minecraft:leather_chestplate":1,"minecraft:feather":2,"minecraft:basalt":37,"minecraft:magma_cream":1,"minecraft:jungle_log":374,"minecraft:leather":4,"minecraft:potato":1,"minecraft:oak_log":126,"minecraft:yellow_bed":1,"minecraft:dirt":9,"minecraft:bone":2,"minecraft:wheat_seeds":10,"minecraft:stone_pickaxe":6,"minecraft:acacia_sapling":13,"minecraft:book":48,"minecraft:pumpkin":2,"minecraft:dandelion":1,"minecraft:stripped_jungle_log":1,"minecraft:gray_wool":1,"minecraft:golden_apple":1,"minecraft:oak_sapling":2,"minecraft:netherrack":8,"minecraft:coal":33},"minecraft:broken":{"minecraft:iron_axe":1},"minecraft:dropped":{"minecraft:iron_ingot":6,"minecraft:iron_sword":1,"minecraft:feather":2,"minecraft:jungle_planks":4,"minecraft:wooden_axe":1,"minecraft:rose_bush":1,"tombstone:grave_dust":1,"minecraft:jungle_sapling":1,"minecraft:wooden_sword":1,"minecraft:white_wool":2,"minecraft:dandelion":1,"minecraft:diamond_hoe":1,"minecraft:rotten_flesh":8,"minecraft:iron_boots":12,"minecraft:spruce_fence":1,"minecraft:leather_chestplate":2,"minecraft:oak_sapling":1,"minecraft:acacia_sapling":8,"minecraft:iron_bars":5,"minecraft:wooden_pickaxe":1,"minecraft:stone_pickaxe":13,"minecraft:netherrack":3,"minecraft:egg":4},"minecraft:killed_by":{"minecraft:player":1,"minecraft:wither_skeleton":2,"mekanismadditions:baby_skeleton":1},"minecraft:mined":{"minecraft:jungle_leaves":4,"minecraft:nether_bricks":18,"minecraft:acacia_log":192,"minecraft:grass_block":3,"minecraft:spruce_fence":1,"minecraft:jungle_log":382,"minecraft:spawner":1,"minecraft:hay_block":25,"minecraft:nether_sprouts":1,"minecraft:iron_ore":3,"minecraft:pumpkin":2,"minecraft:gold_block":1,"minecraft:potatoes":1,"minecraft:bookshelf":16,"minecraft:vine":23,"minecraft:stripped_jungle_log":1,"minecraft:stone":23,"minecraft:acacia_leaves":29,"minecraft:blackstone":1,"minecraft:basalt":40,"minecraft:torch":1,"minecraft:tall_grass":1,"minecraft:cobblestone":1,"minecraft:sugar_cane":1,"minecraft:wheat":6,"minecraft:yellow_bed":1,"minecraft:grass":49,"minecraft:coal_ore":27,"minecraft:oak_log":130,"minecraft:beetroots":1,"minecraft:cocoa":1,"minecraft:dirt":6,"minecraft:gray_carpet":1,"minecraft:netherrack":7,"minecraft:oak_leaves":31},"minecraft:killed":{"minecraft:skeleton":1,"minecraft:chicken":3,"minecraft:piglin_brute":1,"minecraft:husk":8,"minecraft:sheep":3,"minecraft:cow":5},"minecraft:used":{"minecraft:enchanting_table":1,"minecraft:iron_sword":115,"minecraft:netherrack":5,"minecraft:torch":2,"minecraft:mutton":4,"scalinghealth:heart_crystal":1,"minecraft:nether_bricks":18,"minecraft:carrot":5,"minecraft:obsidian":10,"minecraft:wooden_axe":29,"minecraft:iron_axe":264,"minecraft:iron_boots":1,"minecraft:basalt":37,"minecraft:gold_block":1,"tombstone:gift":1,"minecraft:egg":2,"minecraft:potato":4,"minecraft:oak_planks":14,"minecraft:leather_chestplate":1,"minecraft:wooden_pickaxe":3,"minecraft:diamond_axe":529,"minecraft:golden_apple":1,"minecraft:crafting_table":4,"minecraft:diamond_pickaxe":39,"minecraft:bread":47,"minecraft:iron_pickaxe":81,"minecraft:wooden_sword":27,"minecraft:cobblestone":5,"minecraft:yellow_bed":1},"minecraft:custom":{"lootr:looted_stat":22,"minecraft:mob_kills":21,"minecraft:interact_with_crafting_table":10,"minecraft:leave_game":11,"minecraft:time_since_death":27168,"minecraft:climb_one_cm":19373,"minecraft:sprint_one_cm":564719,"minecraft:walk_one_cm":266584,"minecraft:drop":50,"minecraft:talked_to_villager":61,"minecraft:play_time":140872,"minecraft:deaths":5,"minecraft:sneak_time":7786,"minecraft:walk_under_water_one_cm":152,"minecraft:jump":2660,"minecraft:interact_with_blast_furnace":1,"minecraft:walk_on_water_one_cm":956,"minecraft:total_world_time":140872,"minecraft:traded_with_villager":190,"minecraft:sleep_in_bed":4,"minecraft:time_since_rest":26169,"minecraft:waystone_activated":2,"minecraft:damage_taken":4246,"minecraft:damage_absorbed":40,"tombstone:sneak_grave":4,"minecraft:damage_dealt":4616,"minecraft:swim_one_cm":2861,"minecraft:fly_one_cm":555750,"minecraft:open_chest":2,"minecraft:crouch_one_cm":28808,"tombstone:undead_killed":9,"minecraft:interact_with_smoker":2,"minecraft:fall_one_cm":73400,"minecraft:horse_one_cm":1205898},"minecraft:crafted":{"minecraft:wooden_sword":1,"minecraft:oak_planks":504,"minecraft:diamond_hoe":3,"minecraft:iron_boots":18,"minecraft:iron_axe":1,"minecraft:stone_pickaxe":7,"minecraft:wheat":210,"minecraft:arrow":160,"minecraft:emerald":150,"minecraft:diamond_axe":1,"minecraft:crafting_table":4,"minecraft:enchanting_table":1,"minecraft:wooden_pickaxe":1,"minecraft:bread":63,"minecraft:air":0,"minecraft:jungle_planks":1500,"minecraft:iron_chestplate":1,"minecraft:diamond_pickaxe":1,"minecraft:shield":1,"minecraft:stick":5397,"minecraft:iron_pickaxe":1,"minecraft:wooden_axe":1,"minecraft:acacia_planks":744}},"DataVersion":3465}