{"stats":{"minecraft:picked_up":{"minecraft:book":48,"minecraft:wheat":7,"minecraft:feather":2,"minecraft:chicken":3,"minecraft:pumpkin":2,"minecraft:leather":4,"minecraft:torch":2,"minecraft:potato":1,"minecraft:spruce_fence":1,"minecraft:oak_log":11,"minecraft:rotten_flesh":8,"minecraft:bone":2,"minecraft:arrow":4,"minecraft:beetroot_seeds":1,"minecraft:wheat_seeds":7,"minecraft:hay_block":25,"minecraft:beef":7,"minecraft:golden_apple":1,"minecraft:gray_wool":1,"minecraft:netherrack":2,"minecraft:sugar_cane":2,"minecraft:mutton":4,"minecraft:white_wool":2,"minecraft:egg":2},"minecraft:dropped":{"minecraft:iron_sword":1,"minecraft:rose_bush":1,"minecraft:oak_sapling":1,"tombstone:grave_dust":1},"minecraft:mined":{"minecraft:hay_block":25,"minecraft:wheat":6,"minecraft:pumpkin":2,"minecraft:torch":1,"minecraft:grass":10,"minecraft:potatoes":1,"minecraft:bookshelf":16,"minecraft:spruce_fence":1,"minecraft:oak_log":12,"minecraft:beetroots":1,"minecraft:gray_carpet":1,"minecraft:netherrack":2,"minecraft:sugar_cane":1,"minecraft:spawner":1,"minecraft:oak_leaves":4},"minecraft:killed":{"minecraft:sheep":3,"minecraft:husk":8,"minecraft:chicken":3,"minecraft:piglin_brute":1,"minecraft:skeleton":1,"minecraft:cow":5},"minecraft:used":{"minecraft:wooden_axe":29,"minecraft:bread":26,"minecraft:oak_planks":5,"minecraft:leather_chestplate":1,"minecraft:wooden_pickaxe":3,"minecraft:iron_sword":115,"minecraft:torch":2,"minecraft:wooden_sword":27,"minecraft:mutton":4,"minecraft:crafting_table":2,"tombstone:gift":1,"minecraft:potato":4,"minecraft:obsidian":10},"minecraft:custom":{"minecraft:waystone_activated":1,"minecraft:time_since_rest":24011,"lootr:looted_stat":17,"minecraft:sprint_one_cm":224478,"minecraft:damage_taken":2160,"minecraft:walk_one_cm":136236,"tombstone:sneak_grave":1,"minecraft:mob_kills":21,"minecraft:drop":4,"minecraft:damage_dealt":4616,"minecraft:interact_with_crafting_table":3,"minecraft:fly_one_cm":151307,"tombstone:undead_killed":9,"minecraft:crouch_one_cm":3450,"minecraft:play_time":36907,"minecraft:deaths":1,"minecraft:sneak_time":1170,"minecraft:jump":676,"minecraft:interact_with_blast_furnace":1,"minecraft:time_since_death":30328,"minecraft:walk_on_water_one_cm":194,"minecraft:interact_with_smoker":2,"minecraft:sleep_in_bed":2,"minecraft:total_world_time":36907,"minecraft:climb_one_cm":8860,"minecraft:fall_one_cm":16756},"minecraft:crafted":{"minecraft:wooden_sword":1,"minecraft:oak_planks":44,"minecraft:crafting_table":2,"minecraft:stick":8,"minecraft:wooden_pickaxe":1,"minecraft:wooden_axe":1,"minecraft:bread":63,"minecraft:wheat":210}},"DataVersion":3465}