{"stats":{"minecraft:killed_by":{"minecraft:player":1,"minecraft:wither_skeleton":2,"mekanismadditions:baby_skeleton":1},"minecraft:crafted":{"minecraft:wooden_sword":1,"minecraft:oak_planks":1820,"minecraft:diamond_hoe":3,"minecraft:bookshelf":24,"minecraft:diamond_leggings":1,"minecraft:iron_boots":30,"minecraft:iron_axe":1,"minecraft:stone_pickaxe":7,"minecraft:diamond_boots":1,"minecraft:wheat":210,"minecraft:oak_slab":12,"minecraft:emerald":276,"minecraft:arrow":160,"minecraft:diamond_axe":1,"minecraft:crafting_table":4,"minecraft:enchanting_table":1,"minecraft:wooden_pickaxe":1,"minecraft:chainmail_chestplate":7,"minecraft:enchanted_book":1,"minecraft:bread":63,"minecraft:air":0,"minecraft:jungle_planks":1840,"minecraft:lectern":1,"minecraft:iron_chestplate":1,"minecraft:diamond_pickaxe":1,"minecraft:shield":1,"minecraft:stick":8654,"minecraft:iron_ingot":4,"minecraft:iron_pickaxe":1,"minecraft:wooden_axe":1,"minecraft:acacia_planks":744,"minecraft:torch":80,"minecraft:shears":1},"minecraft:picked_up":{"minecraft:cocoa_beans":8,"minecraft:wheat":7,"minecraft:chicken":3,"minecraft:gold_block":1,"minecraft:cobbled_deepslate":5,"minecraft:beef":7,"minecraft:jungle_sapling":6,"minecraft:lectern":3,"minecraft:sugar_cane":2,"minecraft:egg":8,"minecraft:stick":26,"minecraft:raw_iron":4,"minecraft:torch":2,"minecraft:acacia_log":186,"minecraft:spruce_fence":1,"minecraft:arrow":6,"minecraft:rotten_flesh":12,"minecraft:beetroot_seeds":1,"minecraft:nether_bricks":18,"minecraft:hay_block":25,"minecraft:obsidian":5,"minecraft:mutton":4,"minecraft:cobblestone":94,"minecraft:white_wool":10,"minecraft:leather_chestplate":1,"minecraft:feather":2,"minecraft:basalt":37,"minecraft:magma_cream":1,"minecraft:jungle_log":459,"minecraft:leather":4,"minecraft:potato":1,"minecraft:oak_log":482,"minecraft:yellow_bed":1,"minecraft:lapis_lazuli":51,"minecraft:dirt":12,"tombstone:gift":1,"minecraft:bone":3,"minecraft:apple":1,"minecraft:wheat_seeds":12,"minecraft:raw_gold":7,"minecraft:stone_pickaxe":6,"scalinghealth:power_crystal_shard":1,"minecraft:bamboo":494,"minecraft:acacia_sapling":13,"minecraft:oak_planks":1,"minecraft:book":117,"minecraft:pumpkin":2,"minecraft:dandelion":4,"minecraft:gravel":2,"minecraft:jungle_planks":50,"mekanism:raw_osmium":2,"minecraft:stripped_jungle_log":1,"waystones:waystone":1,"minecraft:granite":1,"minecraft:golden_apple":1,"minecraft:gray_wool":1,"minecraft:oak_sapling":9,"minecraft:netherrack":8,"minecraft:coal":33},"minecraft:dropped":{"minecraft:iron_ingot":6,"minecraft:iron_sword":1,"minecraft:wheat_seeds":5,"minecraft:feather":2,"minecraft:jungle_planks":4,"minecraft:dirt":1,"minecraft:wooden_axe":1,"minecraft:rose_bush":1,"tombstone:grave_dust":1,"minecraft:jungle_sapling":1,"minecraft:wooden_sword":1,"minecraft:white_wool":2,"minecraft:dandelion":4,"minecraft:cobbled_deepslate":4,"minecraft:diamond_hoe":1,"tombstone:gift":1,"minecraft:rotten_flesh":11,"minecraft:iron_boots":25,"minecraft:spruce_fence":1,"minecraft:leather_chestplate":2,"minecraft:oak_sapling":2,"minecraft:acacia_sapling":8,"minecraft:iron_bars":5,"minecraft:wooden_pickaxe":1,"minecraft:stone_pickaxe":13,"minecraft:netherrack":3,"minecraft:egg":4},"minecraft:killed":{"minecraft:skeleton":2,"minecraft:chicken":3,"minecraft:piglin_brute":1,"minecraft:husk":8,"minecraft:sheep":3,"minecraft:cow":5},"minecraft:custom":{"minecraft:interact_with_smithing_table":3,"lootr:looted_stat":22,"minecraft:mob_kills":22,"minecraft:interact_with_crafting_table":15,"minecraft:leave_game":13,"minecraft:time_since_death":86492,"minecraft:climb_one_cm":23768,"minecraft:sprint_one_cm":795235,"minecraft:walk_one_cm":358467,"minecraft:damage_blocked_by_shield":90,"minecraft:drop":77,"minecraft:talked_to_villager":128,"minecraft:play_time":200196,"minecraft:deaths":5,"minecraft:sneak_time":10980,"minecraft:walk_under_water_one_cm":1725,"minecraft:jump":3815,"minecraft:interact_with_blast_furnace":4,"minecraft:walk_on_water_one_cm":8847,"minecraft:enchant_item":3,"minecraft:total_world_time":200196,"minecraft:traded_with_villager":338,"minecraft:sleep_in_bed":8,"minecraft:time_since_rest":0,"minecraft:waystone_activated":2,"minecraft:damage_taken":4956,"minecraft:damage_absorbed":40,"tombstone:sneak_grave":4,"minecraft:damage_dealt":4893,"minecraft:swim_one_cm":13592,"minecraft:fly_one_cm":765421,"minecraft:open_chest":2,"minecraft:crouch_one_cm":39441,"tombstone:undead_killed":10,"minecraft:interact_with_smoker":2,"minecraft:fall_one_cm":108909,"minecraft:horse_one_cm":1205898},"minecraft:broken":{"minecraft:iron_axe":1},"minecraft:mined":{"minecraft:jungle_leaves":5,"minecraft:nether_bricks":18,"minecraft:granite":1,"minecraft:acacia_log":192,"minecraft:grass_block":4,"minecraft:spruce_fence":1,"minecraft:jungle_log":467,"minecraft:spawner":1,"minecraft:hay_block":25,"minecraft:nether_sprouts":1,"minecraft:iron_ore":3,"minecraft:pumpkin":2,"minecraft:deepslate_lapis_ore":4,"minecraft:gold_block":1,"minecraft:bookshelf":39,"minecraft:potatoes":1,"minecraft:vine":29,"minecraft:stripped_jungle_log":1,"minecraft:bamboo":59,"minecraft:stone":89,"minecraft:acacia_leaves":29,"mekanism:osmium_ore":1,"minecraft:blackstone":1,"minecraft:basalt":40,"minecraft:torch":1,"minecraft:lectern":3,"minecraft:tall_grass":1,"minecraft:cobblestone":11,"minecraft:lapis_ore":3,"minecraft:deepslate_gold_ore":2,"minecraft:sugar_cane":1,"minecraft:oak_planks":1,"minecraft:wheat":6,"minecraft:yellow_bed":1,"minecraft:grass":56,"minecraft:oak_log":491,"minecraft:coal_ore":27,"minecraft:beetroots":1,"minecraft:cocoa":1,"minecraft:gravel":2,"minecraft:dirt":6,"minecraft:gray_carpet":1,"minecraft:netherrack":7,"minecraft:gold_ore":4,"minecraft:oak_leaves":74,"minecraft:deepslate":1,"minecraft:fern":6},"minecraft:used":{"minecraft:enchanting_table":1,"minecraft:shield":3,"minecraft:iron_sword":115,"minecraft:netherrack":5,"minecraft:torch":12,"minecraft:mutton":4,"scalinghealth:heart_crystal":1,"minecraft:nether_bricks":18,"minecraft:carrot":5,"minecraft:obsidian":10,"minecraft:wooden_axe":29,"minecraft:bookshelf":23,"minecraft:iron_axe":264,"minecraft:iron_boots":1,"minecraft:basalt":37,"tombstone:gift":2,"minecraft:gold_block":1,"minecraft:egg":2,"minecraft:potato":4,"minecraft:oak_planks":14,"minecraft:wooden_pickaxe":3,"minecraft:leather_chestplate":1,"minecraft:diamond_axe":1128,"minecraft:golden_apple":1,"minecraft:crafting_table":4,"minecraft:diamond_pickaxe":135,"minecraft:bread":63,"minecraft:iron_pickaxe":81,"minecraft:lectern":4,"minecraft:wooden_sword":27,"minecraft:cobblestone":58,"minecraft:yellow_bed":1}},"DataVersion":3465}