{"stats":{"minecraft:picked_up":{"minecraft:wheat":7,"minecraft:leather_chestplate":1,"minecraft:feather":2,"minecraft:basalt":37,"minecraft:magma_cream":1,"minecraft:chicken":3,"minecraft:leather":4,"minecraft:potato":1,"minecraft:gold_block":1,"minecraft:oak_log":11,"minecraft:yellow_bed":1,"minecraft:dirt":9,"minecraft:bone":2,"minecraft:wheat_seeds":8,"minecraft:beef":7,"minecraft:sugar_cane":2,"minecraft:acacia_sapling":1,"minecraft:egg":5,"minecraft:book":48,"minecraft:pumpkin":2,"minecraft:torch":2,"minecraft:dandelion":1,"minecraft:spruce_fence":1,"minecraft:arrow":4,"minecraft:rotten_flesh":8,"minecraft:beetroot_seeds":1,"minecraft:nether_bricks":18,"minecraft:hay_block":25,"minecraft:golden_apple":1,"minecraft:gray_wool":1,"minecraft:cobblestone":12,"minecraft:netherrack":8,"minecraft:mutton":4,"minecraft:white_wool":2},"minecraft:dropped":{"minecraft:iron_sword":1,"minecraft:feather":2,"minecraft:rotten_flesh":8,"minecraft:spruce_fence":1,"minecraft:leather_chestplate":2,"minecraft:wooden_axe":1,"minecraft:rose_bush":1,"minecraft:oak_sapling":1,"tombstone:grave_dust":1,"minecraft:wooden_sword":1,"minecraft:iron_bars":5,"minecraft:wooden_pickaxe":1,"minecraft:white_wool":2,"minecraft:netherrack":3,"minecraft:dandelion":1,"minecraft:egg":1},"minecraft:killed_by":{"minecraft:wither_skeleton":2,"mekanismadditions:baby_skeleton":1},"minecraft:mined":{"minecraft:blackstone":1,"minecraft:basalt":40,"minecraft:torch":1,"minecraft:nether_bricks":18,"minecraft:grass_block":3,"minecraft:spruce_fence":1,"minecraft:sugar_cane":1,"minecraft:spawner":1,"minecraft:hay_block":25,"minecraft:nether_sprouts":1,"minecraft:wheat":6,"minecraft:pumpkin":2,"minecraft:yellow_bed":1,"minecraft:gold_block":1,"minecraft:grass":13,"minecraft:bookshelf":16,"minecraft:potatoes":1,"minecraft:oak_log":12,"minecraft:beetroots":1,"minecraft:dirt":6,"minecraft:gray_carpet":1,"minecraft:stone":12,"minecraft:netherrack":7,"minecraft:oak_leaves":4},"minecraft:killed":{"minecraft:husk":8,"minecraft:sheep":3,"minecraft:skeleton":1,"minecraft:chicken":3,"minecraft:piglin_brute":1,"minecraft:cow":5},"minecraft:used":{"minecraft:oak_planks":14,"minecraft:wooden_pickaxe":3,"minecraft:leather_chestplate":1,"minecraft:iron_sword":115,"minecraft:netherrack":5,"minecraft:torch":2,"minecraft:golden_apple":1,"minecraft:mutton":4,"minecraft:crafting_table":3,"minecraft:nether_bricks":18,"minecraft:carrot":5,"minecraft:obsidian":10,"minecraft:wooden_axe":29,"minecraft:bread":36,"minecraft:iron_pickaxe":78,"minecraft:wooden_sword":27,"minecraft:basalt":37,"tombstone:gift":1,"minecraft:gold_block":1,"minecraft:egg":2,"minecraft:potato":4},"minecraft:custom":{"lootr:looted_stat":22,"minecraft:mob_kills":21,"minecraft:interact_with_crafting_table":6,"minecraft:leave_game":7,"minecraft:time_since_death":35608,"minecraft:sleep_in_bed":3,"minecraft:climb_one_cm":8860,"minecraft:time_since_rest":21493,"minecraft:waystone_activated":2,"minecraft:sprint_one_cm":392715,"minecraft:damage_absorbed":40,"minecraft:damage_taken":3744,"minecraft:walk_one_cm":203618,"tombstone:sneak_grave":3,"minecraft:drop":18,"minecraft:damage_dealt":4616,"minecraft:swim_one_cm":2861,"minecraft:talked_to_villager":1,"minecraft:fly_one_cm":344705,"minecraft:open_chest":1,"minecraft:play_time":94390,"minecraft:crouch_one_cm":14363,"tombstone:undead_killed":9,"minecraft:deaths":4,"minecraft:sneak_time":4768,"minecraft:walk_under_water_one_cm":152,"minecraft:jump":1642,"minecraft:interact_with_blast_furnace":1,"minecraft:walk_on_water_one_cm":956,"minecraft:total_world_time":94390,"minecraft:interact_with_smoker":2,"minecraft:fall_one_cm":42486,"minecraft:horse_one_cm":1175894},"minecraft:crafted":{"minecraft:wooden_sword":1,"minecraft:oak_planks":44,"minecraft:crafting_table":3,"minecraft:wooden_pickaxe":1,"minecraft:bread":63,"minecraft:iron_chestplate":1,"minecraft:shield":1,"minecraft:stick":8,"minecraft:iron_pickaxe":1,"minecraft:wooden_axe":1,"minecraft:wheat":210}},"DataVersion":3465}