{"stats":{"minecraft:picked_up":{"minecraft:cocoa_beans":5,"minecraft:leather_chestplate":1,"minecraft:wheat":7,"minecraft:feather":2,"minecraft:basalt":37,"minecraft:magma_cream":1,"minecraft:chicken":3,"minecraft:jungle_log":225,"minecraft:leather":4,"minecraft:potato":1,"minecraft:gold_block":1,"minecraft:oak_log":126,"minecraft:yellow_bed":1,"minecraft:dirt":9,"minecraft:bone":2,"minecraft:wheat_seeds":10,"minecraft:beef":7,"minecraft:stone_pickaxe":6,"minecraft:jungle_sapling":3,"minecraft:sugar_cane":2,"minecraft:acacia_sapling":13,"minecraft:egg":7,"minecraft:book":48,"minecraft:stick":11,"minecraft:raw_iron":2,"minecraft:pumpkin":2,"minecraft:torch":2,"minecraft:acacia_log":186,"minecraft:dandelion":1,"minecraft:spruce_fence":1,"minecraft:arrow":4,"minecraft:rotten_flesh":8,"minecraft:beetroot_seeds":1,"minecraft:nether_bricks":18,"minecraft:hay_block":25,"minecraft:golden_apple":1,"minecraft:gray_wool":1,"minecraft:oak_sapling":2,"minecraft:netherrack":8,"minecraft:mutton":4,"minecraft:white_wool":2,"minecraft:cobblestone":13},"minecraft:broken":{"minecraft:iron_axe":1},"minecraft:dropped":{"minecraft:iron_ingot":6,"minecraft:iron_sword":1,"minecraft:diamond_hoe":1,"minecraft:feather":2,"minecraft:rotten_flesh":8,"minecraft:jungle_planks":4,"minecraft:spruce_fence":1,"minecraft:leather_chestplate":2,"minecraft:wooden_axe":1,"minecraft:rose_bush":1,"minecraft:acacia_sapling":8,"minecraft:oak_sapling":1,"tombstone:grave_dust":1,"minecraft:wooden_sword":1,"minecraft:iron_bars":5,"minecraft:wooden_pickaxe":1,"minecraft:stone_pickaxe":13,"minecraft:white_wool":2,"minecraft:netherrack":3,"minecraft:dandelion":1,"minecraft:egg":4},"minecraft:killed_by":{"minecraft:player":1,"minecraft:wither_skeleton":2,"mekanismadditions:baby_skeleton":1},"minecraft:mined":{"minecraft:acacia_leaves":29,"minecraft:blackstone":1,"minecraft:jungle_leaves":2,"minecraft:basalt":40,"minecraft:torch":1,"minecraft:nether_bricks":18,"minecraft:acacia_log":192,"minecraft:grass_block":3,"minecraft:spruce_fence":1,"minecraft:jungle_log":233,"minecraft:cobblestone":1,"minecraft:tall_grass":1,"minecraft:sugar_cane":1,"minecraft:spawner":1,"minecraft:hay_block":25,"minecraft:nether_sprouts":1,"minecraft:iron_ore":2,"minecraft:wheat":6,"minecraft:pumpkin":2,"minecraft:yellow_bed":1,"minecraft:gold_block":1,"minecraft:grass":30,"minecraft:bookshelf":16,"minecraft:potatoes":1,"minecraft:oak_log":130,"minecraft:beetroots":1,"minecraft:vine":9,"minecraft:dirt":6,"minecraft:gray_carpet":1,"minecraft:stone":12,"minecraft:netherrack":7,"minecraft:oak_leaves":31},"minecraft:killed":{"minecraft:husk":8,"minecraft:skeleton":1,"minecraft:sheep":3,"minecraft:chicken":3,"minecraft:piglin_brute":1,"minecraft:cow":5},"minecraft:used":{"minecraft:oak_planks":14,"minecraft:wooden_pickaxe":3,"minecraft:leather_chestplate":1,"minecraft:iron_sword":115,"minecraft:diamond_axe":361,"minecraft:netherrack":5,"minecraft:torch":2,"minecraft:golden_apple":1,"minecraft:mutton":4,"scalinghealth:heart_crystal":1,"minecraft:crafting_table":4,"minecraft:carrot":5,"minecraft:nether_bricks":18,"minecraft:obsidian":10,"minecraft:wooden_axe":29,"minecraft:bread":45,"minecraft:iron_axe":264,"minecraft:iron_pickaxe":81,"minecraft:iron_boots":1,"minecraft:wooden_sword":27,"minecraft:basalt":37,"minecraft:cobblestone":5,"minecraft:yellow_bed":1,"minecraft:gold_block":1,"tombstone:gift":1,"minecraft:egg":2,"minecraft:potato":4},"minecraft:custom":{"lootr:looted_stat":22,"minecraft:mob_kills":21,"minecraft:traded_with_villager":128,"minecraft:interact_with_crafting_table":8,"minecraft:leave_game":11,"minecraft:time_since_death":16279,"minecraft:sleep_in_bed":4,"minecraft:climb_one_cm":13570,"minecraft:waystone_activated":2,"minecraft:time_since_rest":15280,"minecraft:sprint_one_cm":521743,"minecraft:damage_absorbed":40,"minecraft:damage_taken":4126,"minecraft:walk_one_cm":251451,"tombstone:sneak_grave":4,"minecraft:drop":37,"minecraft:damage_dealt":4616,"minecraft:swim_one_cm":2861,"minecraft:talked_to_villager":45,"minecraft:fly_one_cm":506663,"minecraft:open_chest":2,"minecraft:play_time":129983,"minecraft:crouch_one_cm":28208,"minecraft:sneak_time":7743,"tombstone:undead_killed":9,"minecraft:deaths":5,"minecraft:walk_under_water_one_cm":152,"minecraft:jump":2415,"minecraft:interact_with_blast_furnace":1,"minecraft:walk_on_water_one_cm":956,"minecraft:total_world_time":129983,"minecraft:interact_with_smoker":2,"minecraft:fall_one_cm":65604,"minecraft:horse_one_cm":1205898},"minecraft:crafted":{"minecraft:wooden_sword":1,"minecraft:oak_planks":472,"minecraft:emerald":100,"minecraft:arrow":160,"minecraft:diamond_axe":1,"minecraft:crafting_table":4,"minecraft:diamond_hoe":3,"minecraft:wooden_pickaxe":1,"minecraft:bread":63,"minecraft:air":0,"minecraft:jungle_planks":620,"minecraft:iron_boots":6,"minecraft:iron_chestplate":1,"minecraft:diamond_pickaxe":1,"minecraft:shield":1,"minecraft:iron_axe":1,"minecraft:stick":3573,"minecraft:iron_pickaxe":1,"minecraft:stone_pickaxe":7,"minecraft:wooden_axe":1,"minecraft:acacia_planks":744,"minecraft:wheat":210}},"DataVersion":3465}