{"stats":{"minecraft:picked_up":{"minecraft:book":24,"minecraft:feather":2,"minecraft:chicken":3,"minecraft:pumpkin":2,"minecraft:leather":4,"minecraft:spruce_fence":1,"minecraft:oak_log":11,"minecraft:bone":1,"minecraft:arrow":2,"minecraft:wheat_seeds":1,"minecraft:beef":7,"minecraft:gray_wool":1,"minecraft:sugar_cane":2,"minecraft:mutton":4,"minecraft:white_wool":2,"minecraft:egg":1},"minecraft:mined":{"minecraft:pumpkin":2,"minecraft:grass":5,"minecraft:bookshelf":8,"minecraft:spruce_fence":1,"minecraft:oak_log":12,"minecraft:sugar_cane":1,"minecraft:oak_leaves":4},"minecraft:killed":{"minecraft:sheep":3,"minecraft:chicken":3,"minecraft:piglin_brute":1,"minecraft:cow":5},"minecraft:used":{"minecraft:wooden_axe":9,"minecraft:bread":4,"minecraft:iron_sword":22,"minecraft:wooden_sword":27,"minecraft:mutton":1,"minecraft:crafting_table":1,"tombstone:gift":1,"minecraft:potato":4},"minecraft:custom":{"minecraft:time_since_rest":11,"lootr:looted_stat":2,"minecraft:sprint_one_cm":82006,"minecraft:damage_taken":595,"minecraft:walk_one_cm":31490,"tombstone:sneak_grave":1,"minecraft:mob_kills":12,"minecraft:damage_dealt":1535,"minecraft:interact_with_crafting_table":2,"minecraft:fly_one_cm":79695,"minecraft:crouch_one_cm":160,"minecraft:play_time":12907,"minecraft:deaths":1,"minecraft:sneak_time":33,"minecraft:jump":319,"minecraft:time_since_death":6328,"minecraft:walk_on_water_one_cm":194,"minecraft:interact_with_smoker":2,"minecraft:sleep_in_bed":2,"minecraft:total_world_time":12907,"minecraft:climb_one_cm":5566,"minecraft:fall_one_cm":9259},"minecraft:crafted":{"minecraft:wooden_sword":1,"minecraft:oak_planks":44,"minecraft:crafting_table":1,"minecraft:stick":8,"minecraft:wooden_pickaxe":1,"minecraft:wooden_axe":1}},"DataVersion":3465}