{"stats":{"minecraft:picked_up":{"minecraft:oak_log":3},"minecraft:mined":{"minecraft:oak_log":3,"minecraft:oak_leaves":4},"minecraft:custom":{"minecraft:jump":15,"minecraft:time_since_rest":907,"minecraft:sprint_one_cm":422,"minecraft:damage_taken":80,"minecraft:play_time":907,"minecraft:time_since_death":907,"minecraft:walk_one_cm":1662,"minecraft:total_world_time":907,"minecraft:fall_one_cm":1081,"minecraft:fly_one_cm":363},"minecraft:crafted":{"minecraft:crafting_table":1,"minecraft:oak_planks":4}},"DataVersion":3465}