{"stats":{"minecraft:picked_up":{"minecraft:cocoa_beans":8,"minecraft:wheat":7,"minecraft:chicken":3,"minecraft:gold_block":1,"minecraft:beef":7,"minecraft:jungle_sapling":4,"minecraft:sugar_cane":2,"minecraft:egg":7,"minecraft:stick":11,"minecraft:raw_iron":4,"minecraft:torch":2,"minecraft:acacia_log":186,"minecraft:spruce_fence":1,"minecraft:arrow":4,"minecraft:rotten_flesh":8,"minecraft:beetroot_seeds":1,"minecraft:nether_bricks":18,"minecraft:hay_block":25,"minecraft:mutton":4,"minecraft:obsidian":5,"minecraft:cobblestone":33,"minecraft:white_wool":2,"minecraft:leather_chestplate":1,"minecraft:feather":2,"minecraft:basalt":37,"minecraft:magma_cream":1,"minecraft:jungle_log":374,"minecraft:leather":4,"minecraft:potato":1,"minecraft:oak_log":176,"minecraft:yellow_bed":1,"minecraft:dirt":9,"minecraft:bone":2,"minecraft:wheat_seeds":12,"minecraft:stone_pickaxe":6,"minecraft:oak_planks":1,"minecraft:acacia_sapling":13,"minecraft:book":117,"minecraft:pumpkin":2,"minecraft:dandelion":1,"minecraft:stripped_jungle_log":1,"minecraft:gray_wool":1,"minecraft:golden_apple":1,"minecraft:oak_sapling":2,"minecraft:netherrack":8,"minecraft:coal":33},"minecraft:broken":{"minecraft:iron_axe":1},"minecraft:dropped":{"minecraft:iron_ingot":6,"minecraft:iron_sword":1,"minecraft:feather":2,"minecraft:jungle_planks":4,"minecraft:wooden_axe":1,"minecraft:rose_bush":1,"tombstone:grave_dust":1,"minecraft:jungle_sapling":1,"minecraft:wooden_sword":1,"minecraft:white_wool":2,"minecraft:dandelion":1,"minecraft:diamond_hoe":1,"minecraft:rotten_flesh":8,"minecraft:iron_boots":25,"minecraft:spruce_fence":1,"minecraft:leather_chestplate":2,"minecraft:oak_sapling":1,"minecraft:acacia_sapling":8,"minecraft:iron_bars":5,"minecraft:wooden_pickaxe":1,"minecraft:stone_pickaxe":13,"minecraft:netherrack":3,"minecraft:egg":4},"minecraft:killed_by":{"minecraft:player":1,"minecraft:wither_skeleton":2,"mekanismadditions:baby_skeleton":1},"minecraft:mined":{"minecraft:jungle_leaves":4,"minecraft:nether_bricks":18,"minecraft:acacia_log":192,"minecraft:grass_block":3,"minecraft:spruce_fence":1,"minecraft:jungle_log":382,"minecraft:spawner":1,"minecraft:hay_block":25,"minecraft:nether_sprouts":1,"minecraft:iron_ore":3,"minecraft:pumpkin":2,"minecraft:gold_block":1,"minecraft:potatoes":1,"minecraft:bookshelf":39,"minecraft:vine":23,"minecraft:stripped_jungle_log":1,"minecraft:stone":23,"minecraft:acacia_leaves":29,"minecraft:blackstone":1,"minecraft:basalt":40,"minecraft:torch":1,"minecraft:tall_grass":1,"minecraft:cobblestone":11,"minecraft:oak_planks":1,"minecraft:sugar_cane":1,"minecraft:wheat":6,"minecraft:yellow_bed":1,"minecraft:grass":49,"minecraft:coal_ore":27,"minecraft:oak_log":183,"minecraft:beetroots":1,"minecraft:cocoa":1,"minecraft:dirt":6,"minecraft:gray_carpet":1,"minecraft:netherrack":7,"minecraft:oak_leaves":31},"minecraft:killed":{"minecraft:skeleton":1,"minecraft:chicken":3,"minecraft:piglin_brute":1,"minecraft:husk":8,"minecraft:sheep":3,"minecraft:cow":5},"minecraft:used":{"minecraft:enchanting_table":1,"minecraft:iron_sword":115,"minecraft:netherrack":5,"minecraft:torch":2,"minecraft:mutton":4,"scalinghealth:heart_crystal":1,"minecraft:nether_bricks":18,"minecraft:carrot":5,"minecraft:obsidian":10,"minecraft:wooden_axe":29,"minecraft:bookshelf":23,"minecraft:iron_axe":264,"minecraft:iron_boots":1,"minecraft:basalt":37,"minecraft:gold_block":1,"tombstone:gift":1,"minecraft:egg":2,"minecraft:potato":4,"minecraft:oak_planks":14,"minecraft:leather_chestplate":1,"minecraft:wooden_pickaxe":3,"minecraft:diamond_axe":606,"minecraft:golden_apple":1,"minecraft:crafting_table":4,"minecraft:diamond_pickaxe":49,"minecraft:bread":51,"minecraft:iron_pickaxe":81,"minecraft:wooden_sword":27,"minecraft:cobblestone":15,"minecraft:yellow_bed":1},"minecraft:custom":{"lootr:looted_stat":22,"minecraft:mob_kills":21,"minecraft:interact_with_crafting_table":13,"minecraft:leave_game":11,"minecraft:time_since_death":39168,"minecraft:climb_one_cm":19898,"minecraft:sprint_one_cm":635792,"minecraft:walk_one_cm":292573,"minecraft:drop":63,"minecraft:talked_to_villager":75,"minecraft:play_time":152872,"minecraft:deaths":5,"minecraft:sneak_time":8181,"minecraft:walk_under_water_one_cm":152,"minecraft:jump":2864,"minecraft:interact_with_blast_furnace":1,"minecraft:walk_on_water_one_cm":956,"minecraft:total_world_time":152872,"minecraft:traded_with_villager":223,"minecraft:sleep_in_bed":5,"minecraft:time_since_rest":9964,"minecraft:waystone_activated":2,"minecraft:damage_taken":4336,"minecraft:damage_absorbed":40,"tombstone:sneak_grave":4,"minecraft:damage_dealt":4616,"minecraft:swim_one_cm":2861,"minecraft:fly_one_cm":594917,"minecraft:open_chest":2,"minecraft:crouch_one_cm":30491,"tombstone:undead_killed":9,"minecraft:interact_with_smoker":2,"minecraft:fall_one_cm":80367,"minecraft:horse_one_cm":1205898},"minecraft:crafted":{"minecraft:wooden_sword":1,"minecraft:oak_planks":704,"minecraft:diamond_hoe":3,"minecraft:bookshelf":23,"minecraft:iron_boots":30,"minecraft:iron_axe":1,"minecraft:stone_pickaxe":7,"minecraft:wheat":210,"minecraft:arrow":160,"minecraft:emerald":171,"minecraft:diamond_axe":1,"minecraft:crafting_table":4,"minecraft:enchanting_table":1,"minecraft:wooden_pickaxe":1,"minecraft:bread":63,"minecraft:air":0,"minecraft:jungle_planks":1500,"minecraft:iron_chestplate":1,"minecraft:diamond_pickaxe":1,"minecraft:shield":1,"minecraft:stick":5397,"minecraft:iron_pickaxe":1,"minecraft:wooden_axe":1,"minecraft:acacia_planks":744}},"DataVersion":3465}